dt_msk,score,speed_kmh,source_url
2025-01-15 09:26,5,,https://t.me/DtOperativno/19976
2025-01-17 18:09,6,,https://t.me/DtOperativno/20005
2025-02-14 18:00,6,24,https://t.me/DtOperativno/20178
2025-02-19 17:45,5,,https://t.me/DtOperativno/20216
2025-02-19 18:47,7,27,https://t.me/DtOperativno/20217
2025-02-20 14:41,4,,https://t.me/DtOperativno/20229
2025-02-21 14:38,5,,https://t.me/DtOperativno/20238
2025-02-21 17:41,6,25,https://t.me/DtOperativno/20243
2025-02-27 16:18,,33,https://t.me/DtOperativno/20305
2025-02-28 15:00,4,,https://t.me/DtOperativno/20315
2025-03-03 17:01,,35,https://t.me/DtOperativno/20343
2025-03-04 09:35,5,28,https://t.me/DtOperativno/20347
2025-03-05 12:26,4,,https://t.me/DtOperativno/20358
2025-03-06 12:44,4,,https://t.me/DtOperativno/20367
2025-03-06 15:01,5,31,https://t.me/DtOperativno/20369
2025-03-06 17:11,6,29,https://t.me/DtOperativno/20373
2025-03-06 18:38,7,26,https://t.me/DtOperativno/20376
2025-03-06 21:10,4,,https://t.me/DtOperativno/20377
2025-03-07 13:20,4,,https://t.me/DtOperativno/20381
2025-03-07 16:01,6,25,https://t.me/DtOperativno/20396
2025-03-07 17:38,7,25,https://t.me/DtOperativno/20398
2025-03-13 15:00,4,,https://t.me/DtOperativno/20447
2025-03-14 14:41,3,,https://t.me/DtOperativno/20457
2025-03-17 08:52,6,25,https://t.me/DtOperativno/20483
2025-03-18 13:11,4,,https://t.me/DtOperativno/20497
2025-03-21 14:19,3,,https://t.me/DtOperativno/20525
2025-03-25 14:21,4,,https://t.me/DtOperativno/20568
2025-03-25 18:46,6,23,https://t.me/DtOperativno/20572
2025-03-26 14:12,4,,https://t.me/DtOperativno/20575
2025-03-26 18:49,6,27,https://t.me/DtOperativno/20578
2025-03-27 18:43,6,25,https://t.me/DtOperativno/20587
2025-03-28 14:29,3,,https://t.me/DtOperativno/20603
2025-04-01 09:20,3,,https://t.me/DtOperativno/20638
2025-04-01 18:30,5,24,https://t.me/DtOperativno/20644
2025-04-01 19:38,7,22,https://t.me/DtOperativno/20646
2025-04-03 14:11,4,,https://t.me/DtOperativno/20651
2025-04-04 15:02,4,,https://t.me/DtOperativno/20662
2025-04-04 18:09,6,25,https://t.me/DtOperativno/20665
2025-04-08 17:35,3,,https://t.me/DtOperativno/20716
2025-04-11 14:07,2,,https://t.me/DtOperativno/20735
2025-04-15 19:10,6,24,https://t.me/DtOperativno/20786
2025-04-16 15:05,5,31,https://t.me/DtOperativno/20793
2025-04-16 16:43,6,28,https://t.me/DtOperativno/20796
2025-04-16 17:34,7,27,https://t.me/DtOperativno/20798
2025-04-16 18:55,8,23,https://t.me/DtOperativno/20800
2025-04-16 19:49,,25,https://t.me/DtOperativno/20802
2025-04-18 14:51,5,,https://t.me/DtOperativno/20839
2025-04-18 17:57,6,25,https://t.me/DtOperativno/20850
2025-04-21 10:30,4,,https://t.me/DtOperativno/20865
2025-04-21 18:28,6,28,https://t.me/DtOperativno/20869
2025-04-21 19:51,7,32,https://t.me/DtOperativno/20870
2025-04-22 11:28,5,,https://t.me/DtOperativno/20874
2025-04-23 14:35,4,32,https://t.me/DtOperativno/20902
2025-04-24 14:25,5,,https://t.me/DtOperativno/20915
2025-04-24 19:03,6,25,https://t.me/DtOperativno/20918
2025-04-25 14:34,5,,https://t.me/DtOperativno/20929
2025-04-29 13:41,6,,https://t.me/DtOperativno/21000
2025-04-29 18:29,7,26,https://t.me/DtOperativno/21003
2025-04-30 14:40,5,,https://t.me/DtOperativno/21009
2025-04-30 16:52,7,25,https://t.me/DtOperativno/21014
2025-05-07 14:13,4,,https://t.me/DtOperativno/21074
2025-05-13 19:24,7,22,https://t.me/DtOperativno/21148
2025-05-14 17:20,4,,https://t.me/DtOperativno/21157
2025-05-14 19:04,7,25,https://t.me/DtOperativno/21158
2025-05-16 14:42,4,,https://t.me/DtOperativno/21190
2025-05-20 09:54,5,,https://t.me/DtOperativno/21229
2025-05-20 14:43,5,,https://t.me/DtOperativno/21231
2025-05-20 19:14,6,26,https://t.me/DtOperativno/21239
2025-05-21 12:21,4,,https://t.me/DtOperativno/21243
2025-05-23 14:42,4,,https://t.me/DtOperativno/21266
2025-05-27 16:53,5,,https://t.me/DtOperativno/21311
2025-05-27 18:47,7,29,https://t.me/DtOperativno/21313
2025-05-28 12:00,6,,https://t.me/DtOperativno/21332
2025-05-28 15:34,6,,https://t.me/DtOperativno/21339
2025-05-28 19:08,7,28,https://t.me/DtOperativno/21342
2025-05-29 19:26,6,24,https://t.me/DtOperativno/21360
2025-05-30 14:51,4,,https://t.me/DtOperativno/21378
2025-06-06 14:48,4,,https://t.me/DtOperativno/21475
2025-06-11 15:00,5,,https://t.me/DtOperativno/21528
2025-06-11 17:49,7,27,https://t.me/DtOperativno/21536
2025-06-17 16:51,5,,https://t.me/DtOperativno/21579
2025-06-20 15:05,5,,https://t.me/DtOperativno/21615
2025-06-25 14:05,3,,https://t.me/DtOperativno/21652
2025-06-26 16:00,4,,https://t.me/DtOperativno/21665
2025-06-27 15:04,5,,https://t.me/DtOperativno/21685
2025-06-30 16:43,4,,https://t.me/DtOperativno/21719
2025-07-01 13:10,4,,https://t.me/DtOperativno/21729
2025-07-03 13:19,4,,https://t.me/DtOperativno/21744
2025-07-04 14:49,4,,https://t.me/DtOperativno/21771
2025-07-11 15:30,3,,https://t.me/DtOperativno/21853
2025-07-12 19:23,3,,https://t.me/DtOperativno/21877
2025-07-14 19:48,4,,https://t.me/DtOperativno/21887
2025-07-15 12:55,5,,https://t.me/DtOperativno/21901
2025-07-15 13:23,5,,https://t.me/DtOperativno/21903
2025-07-16 18:50,6,32,https://t.me/DtOperativno/21919
2025-07-18 14:25,3,,https://t.me/DtOperativno/21934
2025-07-21 10:01,5,,https://t.me/DtOperativno/21970
2025-07-21 11:42,5,,https://t.me/DtOperativno/21973
2025-07-21 13:21,4,40,https://t.me/DtOperativno/21976
2025-07-21 14:22,4,42,https://t.me/DtOperativno/21978
2025-07-22 14:56,3,,https://t.me/DtOperativno/22002
2025-07-22 17:32,4,,https://t.me/DtOperativno/22003
2025-07-22 19:03,6,32,https://t.me/DtOperativno/22015
2025-07-22 20:40,4,40,https://t.me/DtOperativno/22021
2025-07-23 14:09,4,,https://t.me/DtOperativno/22030
2025-07-24 12:15,5,,https://t.me/DtOperativno/22049
2025-07-24 13:58,5,42,https://t.me/DtOperativno/22053
2025-07-24 15:17,6,38,https://t.me/DtOperativno/22055
2025-07-25 14:40,4,,https://t.me/DtOperativno/22073
2025-07-31 14:55,4,,https://t.me/DtOperativno/22145
2025-08-01 08:31,3,,https://t.me/DtOperativno/22158
2025-08-01 14:42,4,,https://t.me/DtOperativno/22167
2025-08-04 14:54,3,,https://t.me/DtOperativno/22201
2025-08-04 19:39,6,32,https://t.me/DtOperativno/22208
2025-08-05 15:19,3,52,https://t.me/DtOperativno/22218
2025-08-06 14:44,3,,https://t.me/DtOperativno/22230
2025-08-07 12:15,4,,https://t.me/DtOperativno/22250
2025-08-07 19:18,6,36,https://t.me/DtOperativno/22267
2025-08-08 14:10,3,,https://t.me/DtOperativno/22279
2025-08-11 14:30,3,,https://t.me/DtOperativno/22314
2025-08-12 14:38,4,,https://t.me/DtOperativno/22324
2025-08-14 19:24,5,36,https://t.me/DtOperativno/22356
2025-08-15 14:27,4,,https://t.me/DtOperativno/22367
2025-08-20 12:55,4,,https://t.me/DtOperativno/22429
2025-08-21 09:30,4,,https://t.me/DtOperativno/22438
2025-08-22 14:14,4,,https://t.me/DtOperativno/22463
2025-08-25 15:58,3,,https://t.me/DtOperativno/22490
2025-08-27 19:23,7,28,https://t.me/DtOperativno/22516
2025-08-28 14:02,5,,https://t.me/DtOperativno/22520
2025-08-28 18:45,7,29,https://t.me/DtOperativno/22536
2025-08-29 14:43,5,,https://t.me/DtOperativno/22546
2025-09-02 19:31,7,26,https://t.me/DtOperativno/22584
2025-09-05 14:13,4,,https://t.me/DtOperativno/22614
2025-09-05 18:46,6,29,https://t.me/DtOperativno/22633
2025-09-10 19:22,7,30,https://t.me/DtOperativno/22676
2025-09-12 15:25,4,,https://t.me/DtOperativno/22712
2025-09-12 18:20,7,28,https://t.me/DtOperativno/22722
2025-09-19 14:44,4,,https://t.me/DtOperativno/22804
2025-09-19 18:27,7,27,https://t.me/DtOperativno/22814
2025-09-23 15:09,4,,https://t.me/DtOperativno/22848
2025-09-23 18:46,7,27,https://t.me/DtOperativno/22853
2025-09-24 14:05,4,,https://t.me/DtOperativno/22866
2025-09-24 18:49,7,32,https://t.me/DtOperativno/22878
2025-09-25 14:44,5,,https://t.me/DtOperativno/22899
2025-09-25 18:47,7,26,https://t.me/DtOperativno/22916
2025-09-25 19:31,8,26,https://t.me/DtOperativno/22919
2025-09-26 15:00,4,,https://t.me/DtOperativno/22927
2025-09-30 18:50,7,28,https://t.me/DtOperativno/22955
2025-10-03 14:46,3,,https://t.me/DtOperativno/22993
2025-10-06 14:52,3,,https://t.me/DtOperativno/23027
2025-10-07 14:45,4,,https://t.me/DtOperativno/23040
2025-10-07 19:31,7,29,https://t.me/DtOperativno/23042
2025-10-09 19:18,6,26,https://t.me/DtOperativno/23069
2025-10-10 14:21,5,,https://t.me/DtOperativno/23087
2025-10-10 17:24,7,27,https://t.me/DtOperativno/23091
2025-10-10 19:14,6,25,https://t.me/DtOperativno/23092
2025-10-13 14:41,4,,https://t.me/DtOperativno/23112
2025-10-13 19:25,7,24,https://t.me/DtOperativno/23117
2025-10-14 18:26,7,28,https://t.me/DtOperativno/23129
2025-10-14 19:31,7,28,https://t.me/DtOperativno/23132
2025-10-15 14:26,5,,https://t.me/DtOperativno/23146
2025-10-15 18:54,7,27,https://t.me/DtOperativno/23148
2025-10-15 19:59,7,29,https://t.me/DtOperativno/23151
2025-10-16 19:20,7,25,https://t.me/DtOperativno/23164
2025-10-17 14:50,4,,https://t.me/DtOperativno/23186
2025-10-17 17:50,7,30,https://t.me/DtOperativno/23196
2025-10-23 18:56,6,24,https://t.me/DtOperativno/23253
2025-10-24 14:02,4,,https://t.me/DtOperativno/23262
2025-10-29 15:31,6,29,https://t.me/DtOperativno/23309
2025-10-29 18:26,7,25,https://t.me/DtOperativno/23315
2025-10-29 19:25,7,29,https://t.me/DtOperativno/23317
2025-10-30 19:09,7,29,https://t.me/DtOperativno/23340
2025-10-30 19:58,5,,https://t.me/DtOperativno/23342
2025-10-31 11:55,4,,https://t.me/DtOperativno/23354
2025-10-31 17:51,7,26,https://t.me/DtOperativno/23363
2025-10-31 19:41,6,,https://t.me/DtOperativno/23365
2025-11-01 14:16,4,,https://t.me/DtOperativno/23374
2025-11-01 18:08,7,25,https://t.me/DtOperativno/23382
2025-11-06 18:19,7,29,https://t.me/DtOperativno/23425
2025-11-07 14:31,4,,https://t.me/DtOperativno/23441
2025-11-07 17:53,7,24,https://t.me/DtOperativno/23451
2025-11-07 18:50,7,24,https://t.me/DtOperativno/23453
2025-11-10 18:49,7,29,https://t.me/DtOperativno/23483
2025-11-11 18:00,7,29,https://t.me/DtOperativno/23493
2025-11-11 19:31,7,28,https://t.me/DtOperativno/23495
2025-11-12 13:33,5,,https://t.me/DtOperativno/23508
2025-11-12 16:45,6,,https://t.me/DtOperativno/23514
2025-11-12 17:58,7,27,https://t.me/DtOperativno/23517
2025-11-12 19:13,7,25,https://t.me/DtOperativno/23521
2025-11-12 21:41,5,40,https://t.me/DtOperativno/23525
2025-11-13 14:31,5,,https://t.me/DtOperativno/23528
2025-11-13 17:49,7,29,https://t.me/DtOperativno/23536
2025-11-14 14:06,5,,https://t.me/DtOperativno/23549
2025-11-14 18:26,7,24,https://t.me/DtOperativno/23555
2025-11-17 13:05,4,,https://t.me/DtOperativno/23592
2025-11-17 16:44,5,,https://t.me/DtOperativno/23599
2025-11-17 18:24,7,27,https://t.me/DtOperativno/23602
2025-11-17 20:42,4,46,https://t.me/DtOperativno/23609
2025-11-18 10:09,6,32,https://t.me/DtOperativno/23620
2025-11-18 11:00,6,,https://t.me/DtOperativno/23625
2025-11-18 12:02,6,,https://t.me/DtOperativno/23628
2025-11-18 13:04,6,37,https://t.me/DtOperativno/23631
2025-11-18 16:57,6,29,https://t.me/DtOperativno/23642
2025-11-18 17:30,7,28,https://t.me/DtOperativno/23644
2025-11-18 19:22,7,24,https://t.me/DtOperativno/23649
2025-11-18 20:24,6,,https://t.me/DtOperativno/23653
2025-11-19 08:38,4,,https://t.me/DtOperativno/23662
2025-11-19 12:12,4,,https://t.me/DtOperativno/23666
2025-11-19 15:55,5,,https://t.me/DtOperativno/23671
2025-11-19 17:50,7,29,https://t.me/DtOperativno/23673
2025-11-20 17:50,7,29,https://t.me/DtOperativno/23690
2025-11-21 09:36,5,32,https://t.me/DtOperativno/23700
2025-11-21 14:26,6,,https://t.me/DtOperativno/23705
2025-11-21 16:48,7,26,https://t.me/DtOperativno/23716
2025-11-24 08:58,6,31,https://t.me/DtOperativno/23736
2025-11-24 14:10,4,,https://t.me/DtOperativno/23748
2025-11-25 18:11,7,27,https://t.me/DtOperativno/23770
2025-11-26 08:49,5,32,https://t.me/DtOperativno/23780
2025-11-26 16:59,7,30,https://t.me/DtOperativno/23784
2025-11-26 17:58,7,26,https://t.me/DtOperativno/23787
2025-11-26 19:14,8,23,https://t.me/DtOperativno/23789
2025-11-26 20:51,6,35,https://t.me/DtOperativno/23792
2025-11-27 09:02,5,,https://t.me/DtOperativno/23796
2025-11-27 13:53,5,,https://t.me/DtOperativno/23801
2025-11-27 17:48,7,28,https://t.me/DtOperativno/23810
2025-11-28 12:18,4,,https://t.me/DtOperativno/23823
2025-11-28 14:28,5,,https://t.me/DtOperativno/23825
2025-11-28 16:10,7,29,https://t.me/DtOperativno/23829
2025-11-28 17:10,7,24,https://t.me/DtOperativno/23834
2025-11-28 18:16,7,23,https://t.me/DtOperativno/23839
2025-12-01 08:29,3,,https://t.me/DtOperativno/23862
2025-12-01 13:06,3,,https://t.me/DtOperativno/23864
2025-12-02 10:44,4,,https://t.me/DtOperativno/23871
2025-12-02 14:04,5,,https://t.me/DtOperativno/23876
2025-12-02 16:08,5,32,https://t.me/DtOperativno/23884
2025-12-02 17:07,7,32,https://t.me/DtOperativno/23885
2025-12-02 18:00,8,28,https://t.me/DtOperativno/23889
2025-12-02 20:26,6,,https://t.me/DtOperativno/23893
2025-12-03 10:14,5,,https://t.me/DtOperativno/23900
2025-12-03 13:22,4,,https://t.me/DtOperativno/23906
2025-12-03 18:35,7,28,https://t.me/DtOperativno/23911
2025-12-04 09:05,5,,https://t.me/DtOperativno/23920
2025-12-04 18:08,7,29,https://t.me/DtOperativno/23925
2025-12-05 13:20,5,,https://t.me/DtOperativno/23931
2025-12-05 16:54,7,27,https://t.me/DtOperativno/23937
2025-12-08 13:00,4,,https://t.me/DtOperativno/23962
2025-12-08 18:33,7,29,https://t.me/DtOperativno/23971
2025-12-08 19:46,7,28,https://t.me/DtOperativno/23973
2025-12-10 08:31,4,,https://t.me/DtOperativno/23991
2025-12-10 12:24,4,,https://t.me/DtOperativno/23998
2025-12-10 18:31,7,25,https://t.me/DtOperativno/24008
2025-12-10 19:33,7,31,https://t.me/DtOperativno/24011
2025-12-11 08:40,4,,https://t.me/DtOperativno/24017
2025-12-11 11:30,5,,https://t.me/DtOperativno/24021
2025-12-11 13:26,7,33,https://t.me/DtOperativno/24030
2025-12-11 14:44,6,31,https://t.me/DtOperativno/24035
2025-12-11 16:41,6,,https://t.me/DtOperativno/24041
2025-12-11 17:52,8,24,https://t.me/DtOperativno/24048
2025-12-11 18:50,8,23,https://t.me/DtOperativno/24055
2025-12-11 19:20,9,23,https://t.me/DtOperativno/24058
2025-12-11 21:12,5,34,https://t.me/DtOperativno/24060
2025-12-12 08:29,3,,https://t.me/DtOperativno/24066
2025-12-12 11:45,4,,https://t.me/DtOperativno/24074
2025-12-12 13:01,4,32,https://t.me/DtOperativno/24077
2025-12-12 14:04,5,,https://t.me/DtOperativno/24079
2025-12-12 14:55,6,28,https://t.me/DtOperativno/24083
2025-12-12 15:45,7,27,https://t.me/DtOperativno/24087
2025-12-12 16:47,6,26,https://t.me/DtOperativno/24090
2025-12-12 17:45,7,25,https://t.me/DtOperativno/24094
2025-12-12 18:35,7,28,https://t.me/DtOperativno/24095
2025-12-12 19:55,6,28,https://t.me/DtOperativno/24102
2025-12-15 18:44,6,24,https://t.me/DtOperativno/24118
2025-12-16 11:21,4,,https://t.me/DtOperativno/24122
2025-12-16 14:19,5,,https://t.me/DtOperativno/24128
2025-12-16 18:16,7,26,https://t.me/DtOperativno/24129
2025-12-16 19:39,7,27,https://t.me/DtOperativno/24133
2025-12-17 08:59,5,,https://t.me/DtOperativno/24143
2025-12-17 11:49,4,33,https://t.me/DtOperativno/24162
2025-12-17 13:17,4,,https://t.me/DtOperativno/24165
2025-12-17 15:10,5,,https://t.me/DtOperativno/24168
2025-12-17 16:46,6,30,https://t.me/DtOperativno/24173
2025-12-17 17:40,7,27,https://t.me/DtOperativno/24178
2025-12-17 18:15,8,26,https://t.me/DtOperativno/24180
2025-12-18 14:28,4,,https://t.me/DtOperativno/24190
2025-12-18 15:44,6,32,https://t.me/DtOperativno/24193
2025-12-18 16:52,7,32,https://t.me/DtOperativno/24194
2025-12-18 17:42,8,29,https://t.me/DtOperativno/24197
2025-12-18 18:25,8,27,https://t.me/DtOperativno/24204
2025-12-19 08:57,3,,https://t.me/DtOperativno/24211
2025-12-19 10:44,3,36,https://t.me/DtOperativno/24215
2025-12-19 11:47,3,35,https://t.me/DtOperativno/24216
2025-12-19 12:43,3,,https://t.me/DtOperativno/24218
2025-12-19 14:10,3,,https://t.me/DtOperativno/24219
2025-12-19 15:20,4,,https://t.me/DtOperativno/24220
2025-12-19 16:36,5,29,https://t.me/DtOperativno/24226
2025-12-19 17:58,7,27,https://t.me/DtOperativno/24237
2025-12-20 13:13,4,,https://t.me/DtOperativno/24244
2025-12-22 17:52,6,27,https://t.me/DtOperativno/24270
2025-12-22 18:46,6,28,https://t.me/DtOperativno/24273
2025-12-23 09:12,5,,https://t.me/DtOperativno/24283
2025-12-23 16:57,6,29,https://t.me/DtOperativno/24284
2025-12-23 17:55,7,28,https://t.me/DtOperativno/24286
2025-12-23 18:46,7,25,https://t.me/DtOperativno/24289
2025-12-24 10:45,4,,https://t.me/DtOperativno/24301
2025-12-24 14:12,6,,https://t.me/DtOperativno/24305
2025-12-24 14:35,7,30,https://t.me/DtOperativno/24307
2025-12-24 15:16,8,29,https://t.me/DtOperativno/24312
2025-12-24 16:06,8,29,https://t.me/DtOperativno/24315
2025-12-24 17:14,7,26,https://t.me/DtOperativno/24318
2025-12-24 18:10,8,24,https://t.me/DtOperativno/24322
2025-12-24 19:12,8,24,https://t.me/DtOperativno/24324
2025-12-24 21:15,5,38,https://t.me/DtOperativno/24327
2025-12-25 09:52,5,,https://t.me/DtOperativno/24334
2025-12-25 12:03,6,,https://t.me/DtOperativno/24340
2025-12-25 12:57,6,,https://t.me/DtOperativno/24341
2025-12-25 14:05,7,,https://t.me/DtOperativno/24343
2025-12-25 15:17,7,29,https://t.me/DtOperativno/24346
2025-12-25 16:06,7,,https://t.me/DtOperativno/24349
2025-12-25 16:54,7,,https://t.me/DtOperativno/24353
2025-12-25 17:37,7,,https://t.me/DtOperativno/24362
2025-12-25 18:44,7,24,https://t.me/DtOperativno/24367
2025-12-26 12:59,5,,https://t.me/DtOperativno/24374
2025-12-26 14:16,6,,https://t.me/DtOperativno/24376
2025-12-26 17:54,7,27,https://t.me/DtOperativno/24389
2025-12-29 13:07,5,,https://t.me/DtOperativno/24429
2025-12-29 15:01,6,,https://t.me/DtOperativno/24431
2025-12-29 15:23,7,29,https://t.me/DtOperativno/24432
2025-12-29 16:49,7,,https://t.me/DtOperativno/24435
2025-12-29 18:21,7,24,https://t.me/DtOperativno/24438
2025-12-29 19:29,6,27,https://t.me/DtOperativno/24439
2025-12-30 10:19,4,,https://t.me/DtOperativno/24449
2025-12-30 12:29,5,,https://t.me/DtOperativno/24453
2025-12-30 14:01,6,,https://t.me/DtOperativno/24455
2025-12-30 14:54,6,,https://t.me/DtOperativno/24457
2025-12-30 16:41,7,28,https://t.me/DtOperativno/24459
