route,date,hour,pred,n_plan,bpv,norm,extra,extra_feasible
1,2025-11-01,13,1344,11.0,122.2,119.3,1,1
1,2025-11-02,14,849,7.0,121.3,119.3,1,1
1,2025-11-05,8,1989,14.0,142.1,119.3,3,3
1,2025-11-05,12,1507,12.0,125.6,119.3,1,1
1,2025-11-05,13,1533,11.0,139.4,119.3,2,2
1,2025-11-05,14,1480,11.0,134.5,119.3,2,2
1,2025-11-05,15,1648,13.0,126.8,119.3,1,1
1,2025-11-05,17,1825,14.0,130.4,119.3,2,2
1,2025-11-05,18,1882,14.0,134.4,119.3,2,2
1,2025-11-06,8,1989,14.0,142.1,119.3,3,3
1,2025-11-06,12,1507,12.0,125.6,119.3,1,1
1,2025-11-06,13,1533,11.0,139.4,119.3,2,2
1,2025-11-06,14,1480,11.0,134.5,119.3,2,2
1,2025-11-06,15,1648,13.0,126.8,119.3,1,1
1,2025-11-06,17,1825,14.0,130.4,119.3,2,2
1,2025-11-06,18,1882,14.0,134.4,119.3,2,2
1,2025-11-07,8,1883,14.0,134.5,119.3,2,2
1,2025-11-07,12,1475,12.0,122.9,119.3,1,1
1,2025-11-07,13,1528,11.0,138.9,119.3,2,2
1,2025-11-07,14,1433,11.0,130.3,119.3,2,2
1,2025-11-07,15,1617,13.0,124.4,119.3,1,1
1,2025-11-07,16,1709,14.0,122.1,119.3,1,1
1,2025-11-07,17,1797,14.0,128.4,119.3,2,2
1,2025-11-08,12,1103,8.5,129.8,119.3,1,1
1,2025-11-08,13,1138,8.5,133.9,119.3,1,1
1,2025-11-08,14,1075,7.0,153.6,119.3,3,3
1,2025-11-08,15,917,7.0,131.0,119.3,1,1
1,2025-11-09,14,849,7.0,121.3,119.3,1,1
1,2025-11-10,8,1936,14.0,138.3,119.3,3,3
1,2025-11-10,12,1467,12.0,122.2,119.3,1,1
1,2025-11-10,13,1492,11.0,135.6,119.3,2,2
1,2025-11-10,14,1440,11.0,130.9,119.3,2,2
1,2025-11-10,15,1604,13.0,123.4,119.3,1,1
1,2025-11-10,17,1776,14.0,126.9,119.3,1,1
1,2025-11-10,18,1831,14.0,130.8,119.3,2,2
1,2025-11-11,8,1989,14.0,142.1,119.3,3,3
1,2025-11-11,12,1507,12.0,125.6,119.3,1,1
1,2025-11-11,13,1533,11.0,139.4,119.3,2,2
1,2025-11-11,14,1480,11.0,134.5,119.3,2,2
1,2025-11-11,15,1648,13.0,126.8,119.3,1,1
1,2025-11-11,17,1825,14.0,130.4,119.3,2,2
1,2025-11-11,18,1882,14.0,134.4,119.3,2,2
1,2025-11-12,8,1989,14.0,142.1,119.3,3,3
1,2025-11-12,12,1507,12.0,125.6,119.3,1,1
1,2025-11-12,13,1533,11.0,139.4,119.3,2,2
1,2025-11-12,14,1480,11.0,134.5,119.3,2,2
1,2025-11-12,15,1648,13.0,126.8,119.3,1,1
1,2025-11-12,17,1825,14.0,130.4,119.3,2,2
1,2025-11-12,18,1882,14.0,134.4,119.3,2,2
1,2025-11-13,8,1989,14.0,142.1,119.3,3,3
1,2025-11-13,12,1507,12.0,125.6,119.3,1,1
1,2025-11-13,13,1533,11.0,139.4,119.3,2,2
1,2025-11-13,14,1480,11.0,134.5,119.3,2,2
1,2025-11-13,15,1648,13.0,126.8,119.3,1,1
1,2025-11-13,17,1825,14.0,130.4,119.3,2,2
1,2025-11-13,18,1882,14.0,134.4,119.3,2,2
1,2025-11-14,8,1883,14.0,134.5,119.3,2,2
1,2025-11-14,12,1475,12.0,122.9,119.3,1,1
1,2025-11-14,13,1528,11.0,138.9,119.3,2,2
1,2025-11-14,14,1433,11.0,130.3,119.3,2,2
1,2025-11-14,15,1617,13.0,124.4,119.3,1,1
1,2025-11-14,16,1709,14.0,122.1,119.3,1,1
1,2025-11-14,17,1797,14.0,128.4,119.3,2,2
1,2025-11-15,12,1103,8.5,129.8,119.3,1,1
1,2025-11-15,13,1138,8.5,133.9,119.3,1,1
1,2025-11-15,14,1075,7.0,153.6,119.3,3,3
1,2025-11-15,15,917,7.0,131.0,119.3,1,1
1,2025-11-16,14,849,7.0,121.3,119.3,1,1
1,2025-11-17,8,1936,14.0,138.3,119.3,3,3
1,2025-11-17,12,1467,12.0,122.2,119.3,1,1
1,2025-11-17,13,1492,11.0,135.6,119.3,2,2
1,2025-11-17,14,1440,11.0,130.9,119.3,2,2
1,2025-11-17,15,1604,13.0,123.4,119.3,1,1
1,2025-11-17,17,1776,14.0,126.9,119.3,1,1
1,2025-11-17,18,1831,14.0,130.8,119.3,2,2
1,2025-11-18,8,1989,14.0,142.1,119.3,3,3
1,2025-11-18,12,1507,12.0,125.6,119.3,1,1
1,2025-11-18,13,1533,11.0,139.4,119.3,2,2
1,2025-11-18,14,1480,11.0,134.5,119.3,2,2
1,2025-11-18,15,1648,13.0,126.8,119.3,1,1
1,2025-11-18,17,1825,14.0,130.4,119.3,2,2
1,2025-11-18,18,1882,14.0,134.4,119.3,2,2
1,2025-11-19,8,1989,14.0,142.1,119.3,3,3
1,2025-11-19,12,1507,12.0,125.6,119.3,1,1
1,2025-11-19,13,1533,11.0,139.4,119.3,2,2
1,2025-11-19,14,1480,11.0,134.5,119.3,2,2
1,2025-11-19,15,1648,13.0,126.8,119.3,1,1
1,2025-11-19,17,1825,14.0,130.4,119.3,2,2
1,2025-11-19,18,1882,14.0,134.4,119.3,2,2
1,2025-11-20,8,1989,14.0,142.1,119.3,3,3
1,2025-11-20,12,1507,12.0,125.6,119.3,1,1
1,2025-11-20,13,1533,11.0,139.4,119.3,2,2
1,2025-11-20,14,1480,11.0,134.5,119.3,2,2
1,2025-11-20,15,1648,13.0,126.8,119.3,1,1
1,2025-11-20,17,1825,14.0,130.4,119.3,2,2
1,2025-11-20,18,1882,14.0,134.4,119.3,2,2
1,2025-11-21,8,1883,14.0,134.5,119.3,2,2
1,2025-11-21,12,1475,12.0,122.9,119.3,1,1
1,2025-11-21,13,1528,11.0,138.9,119.3,2,2
1,2025-11-21,14,1433,11.0,130.3,119.3,2,2
1,2025-11-21,15,1617,13.0,124.4,119.3,1,1
1,2025-11-21,16,1709,14.0,122.1,119.3,1,1
1,2025-11-21,17,1797,14.0,128.4,119.3,2,2
1,2025-11-22,12,1103,8.5,129.8,119.3,1,1
1,2025-11-22,13,1138,8.5,133.9,119.3,1,1
1,2025-11-22,14,1075,7.0,153.6,119.3,3,3
1,2025-11-22,15,917,7.0,131.0,119.3,1,1
1,2025-11-23,14,849,7.0,121.3,119.3,1,1
1,2025-11-24,8,1936,14.0,138.3,119.3,3,3
1,2025-11-24,12,1467,12.0,122.2,119.3,1,1
1,2025-11-24,13,1492,11.0,135.6,119.3,2,2
1,2025-11-24,14,1440,11.0,130.9,119.3,2,2
1,2025-11-24,15,1604,13.0,123.4,119.3,1,1
1,2025-11-24,17,1776,14.0,126.9,119.3,1,1
1,2025-11-24,18,1831,14.0,130.8,119.3,2,2
1,2025-11-25,8,1989,14.0,142.1,119.3,3,3
1,2025-11-25,12,1507,12.0,125.6,119.3,1,1
1,2025-11-25,13,1533,11.0,139.4,119.3,2,2
1,2025-11-25,14,1480,11.0,134.5,119.3,2,2
1,2025-11-25,15,1648,13.0,126.8,119.3,1,1
1,2025-11-25,17,1825,14.0,130.4,119.3,2,2
1,2025-11-25,18,1882,14.0,134.4,119.3,2,2
1,2025-11-26,8,1989,14.0,142.1,119.3,3,3
1,2025-11-26,12,1507,12.0,125.6,119.3,1,1
1,2025-11-26,13,1533,11.0,139.4,119.3,2,2
1,2025-11-26,14,1480,11.0,134.5,119.3,2,2
1,2025-11-26,15,1648,13.0,126.8,119.3,1,1
1,2025-11-26,17,1825,14.0,130.4,119.3,2,2
1,2025-11-26,18,1882,14.0,134.4,119.3,2,2
1,2025-11-27,8,1989,14.0,142.1,119.3,3,3
1,2025-11-27,12,1507,12.0,125.6,119.3,1,1
1,2025-11-27,13,1533,11.0,139.4,119.3,2,2
1,2025-11-27,14,1480,11.0,134.5,119.3,2,2
1,2025-11-27,15,1648,13.0,126.8,119.3,1,1
1,2025-11-27,17,1825,14.0,130.4,119.3,2,2
1,2025-11-27,18,1882,14.0,134.4,119.3,2,2
1,2025-11-28,8,1883,14.0,134.5,119.3,2,2
1,2025-11-28,12,1475,12.0,122.9,119.3,1,1
1,2025-11-28,13,1528,11.0,138.9,119.3,2,2
1,2025-11-28,14,1433,11.0,130.3,119.3,2,2
1,2025-11-28,15,1617,13.0,124.4,119.3,1,1
1,2025-11-28,16,1709,14.0,122.1,119.3,1,1
1,2025-11-28,17,1797,14.0,128.4,119.3,2,2
1,2025-11-29,12,1103,8.5,129.8,119.3,1,1
1,2025-11-29,13,1138,8.5,133.9,119.3,1,1
1,2025-11-29,14,1075,7.0,153.6,119.3,3,3
1,2025-11-29,15,917,7.0,131.0,119.3,1,1
1,2025-11-30,14,849,7.0,121.3,119.3,1,1
1,2025-12-01,8,1924,14.0,137.4,119.3,3,3
1,2025-12-01,12,1470,12.0,122.5,119.3,1,1
1,2025-12-01,13,1488,11.0,135.3,119.3,2,2
1,2025-12-01,14,1438,11.0,130.7,119.3,2,2
1,2025-12-01,15,1608,13.0,123.7,119.3,1,1
1,2025-12-01,17,1769,14.0,126.4,119.3,1,1
1,2025-12-01,18,1823,14.0,130.2,119.3,2,2
1,2025-12-02,8,1977,14.0,141.2,119.3,3,3
1,2025-12-02,12,1510,12.0,125.8,119.3,1,1
1,2025-12-02,13,1529,11.0,139.0,119.3,2,2
1,2025-12-02,14,1478,11.0,134.4,119.3,2,2
1,2025-12-02,15,1652,13.0,127.1,119.3,1,1
1,2025-12-02,17,1818,14.0,129.9,119.3,2,2
1,2025-12-02,18,1873,14.0,133.8,119.3,2,2
1,2025-12-03,8,1977,14.0,141.2,119.3,3,3
1,2025-12-03,12,1510,12.0,125.8,119.3,1,1
1,2025-12-03,13,1529,11.0,139.0,119.3,2,2
1,2025-12-03,14,1478,11.0,134.4,119.3,2,2
1,2025-12-03,15,1652,13.0,127.1,119.3,1,1
1,2025-12-03,17,1818,14.0,129.9,119.3,2,2
1,2025-12-03,18,1873,14.0,133.8,119.3,2,2
1,2025-12-04,8,1977,14.0,141.2,119.3,3,3
1,2025-12-04,12,1510,12.0,125.8,119.3,1,1
1,2025-12-04,13,1529,11.0,139.0,119.3,2,2
1,2025-12-04,14,1478,11.0,134.4,119.3,2,2
1,2025-12-04,15,1652,13.0,127.1,119.3,1,1
1,2025-12-04,17,1818,14.0,129.9,119.3,2,2
1,2025-12-04,18,1873,14.0,133.8,119.3,2,2
1,2025-12-05,8,1874,14.0,133.9,119.3,2,2
1,2025-12-05,12,1477,12.0,123.1,119.3,1,1
1,2025-12-05,13,1530,11.0,139.1,119.3,2,2
1,2025-12-05,14,1436,11.0,130.5,119.3,2,2
1,2025-12-05,15,1620,13.0,124.6,119.3,1,1
1,2025-12-05,16,1706,14.0,121.9,119.3,1,1
1,2025-12-05,17,1778,14.0,127.0,119.3,1,1
1,2025-12-06,12,1101,8.5,129.5,119.3,1,1
1,2025-12-06,13,1132,8.5,133.2,119.3,1,1
1,2025-12-06,14,1073,7.0,153.3,119.3,2,2
1,2025-12-06,15,913,7.0,130.4,119.3,1,1
1,2025-12-07,13,964,8.0,120.5,119.3,1,1
1,2025-12-07,14,854,7.0,122.0,119.3,1,1
1,2025-12-08,8,1924,14.0,137.4,119.3,3,3
1,2025-12-08,12,1470,12.0,122.5,119.3,1,1
1,2025-12-08,13,1488,11.0,135.3,119.3,2,2
1,2025-12-08,14,1438,11.0,130.7,119.3,2,2
1,2025-12-08,15,1608,13.0,123.7,119.3,1,1
1,2025-12-08,17,1769,14.0,126.4,119.3,1,1
1,2025-12-08,18,1823,14.0,130.2,119.3,2,2
1,2025-12-09,8,1977,14.0,141.2,119.3,3,3
1,2025-12-09,12,1510,12.0,125.8,119.3,1,1
1,2025-12-09,13,1529,11.0,139.0,119.3,2,2
1,2025-12-09,14,1478,11.0,134.4,119.3,2,2
1,2025-12-09,15,1652,13.0,127.1,119.3,1,1
1,2025-12-09,17,1818,14.0,129.9,119.3,2,2
1,2025-12-09,18,1873,14.0,133.8,119.3,2,2
1,2025-12-10,8,1977,14.0,141.2,119.3,3,3
1,2025-12-10,12,1510,12.0,125.8,119.3,1,1
1,2025-12-10,13,1529,11.0,139.0,119.3,2,2
1,2025-12-10,14,1478,11.0,134.4,119.3,2,2
1,2025-12-10,15,1652,13.0,127.1,119.3,1,1
1,2025-12-10,17,1818,14.0,129.9,119.3,2,2
1,2025-12-10,18,1873,14.0,133.8,119.3,2,2
1,2025-12-11,8,1977,14.0,141.2,119.3,3,3
1,2025-12-11,12,1510,12.0,125.8,119.3,1,1
1,2025-12-11,13,1529,11.0,139.0,119.3,2,2
1,2025-12-11,14,1478,11.0,134.4,119.3,2,2
1,2025-12-11,15,1652,13.0,127.1,119.3,1,1
1,2025-12-11,17,1818,14.0,129.9,119.3,2,2
1,2025-12-11,18,1873,14.0,133.8,119.3,2,2
1,2025-12-12,8,1874,14.0,133.9,119.3,2,2
1,2025-12-12,12,1477,12.0,123.1,119.3,1,1
1,2025-12-12,13,1530,11.0,139.1,119.3,2,2
1,2025-12-12,14,1436,11.0,130.5,119.3,2,2
1,2025-12-12,15,1620,13.0,124.6,119.3,1,1
1,2025-12-12,16,1706,14.0,121.9,119.3,1,1
1,2025-12-12,17,1778,14.0,127.0,119.3,1,1
1,2025-12-13,12,1101,8.5,129.5,119.3,1,1
1,2025-12-13,13,1132,8.5,133.2,119.3,1,1
1,2025-12-13,14,1073,7.0,153.3,119.3,2,2
1,2025-12-13,15,913,7.0,130.4,119.3,1,1
1,2025-12-14,13,964,8.0,120.5,119.3,1,1
1,2025-12-14,14,854,7.0,122.0,119.3,1,1
1,2025-12-15,8,1924,14.0,137.4,119.3,3,3
1,2025-12-15,12,1470,12.0,122.5,119.3,1,1
1,2025-12-15,13,1488,11.0,135.3,119.3,2,2
1,2025-12-15,14,1438,11.0,130.7,119.3,2,2
1,2025-12-15,15,1608,13.0,123.7,119.3,1,1
1,2025-12-15,17,1769,14.0,126.4,119.3,1,1
1,2025-12-15,18,1823,14.0,130.2,119.3,2,2
1,2025-12-16,8,1977,14.0,141.2,119.3,3,3
1,2025-12-16,12,1510,12.0,125.8,119.3,1,1
1,2025-12-16,13,1529,11.0,139.0,119.3,2,2
1,2025-12-16,14,1478,11.0,134.4,119.3,2,2
1,2025-12-16,15,1652,13.0,127.1,119.3,1,1
1,2025-12-16,17,1818,14.0,129.9,119.3,2,2
1,2025-12-16,18,1873,14.0,133.8,119.3,2,2
1,2025-12-17,8,1977,14.0,141.2,119.3,3,3
1,2025-12-17,12,1510,12.0,125.8,119.3,1,1
1,2025-12-17,13,1529,11.0,139.0,119.3,2,2
1,2025-12-17,14,1478,11.0,134.4,119.3,2,2
1,2025-12-17,15,1652,13.0,127.1,119.3,1,1
1,2025-12-17,17,1818,14.0,129.9,119.3,2,2
1,2025-12-17,18,1873,14.0,133.8,119.3,2,2
1,2025-12-18,8,1977,14.0,141.2,119.3,3,3
1,2025-12-18,12,1510,12.0,125.8,119.3,1,1
1,2025-12-18,13,1529,11.0,139.0,119.3,2,2
1,2025-12-18,14,1478,11.0,134.4,119.3,2,2
1,2025-12-18,15,1652,13.0,127.1,119.3,1,1
1,2025-12-18,17,1818,14.0,129.9,119.3,2,2
1,2025-12-18,18,1873,14.0,133.8,119.3,2,2
1,2025-12-19,8,1874,14.0,133.9,119.3,2,2
1,2025-12-19,12,1477,12.0,123.1,119.3,1,1
1,2025-12-19,13,1530,11.0,139.1,119.3,2,2
1,2025-12-19,14,1436,11.0,130.5,119.3,2,2
1,2025-12-19,15,1620,13.0,124.6,119.3,1,1
1,2025-12-19,16,1706,14.0,121.9,119.3,1,1
1,2025-12-19,17,1778,14.0,127.0,119.3,1,1
1,2025-12-20,12,1101,8.5,129.5,119.3,1,1
1,2025-12-20,13,1132,8.5,133.2,119.3,1,1
1,2025-12-20,14,1073,7.0,153.3,119.3,2,2
1,2025-12-20,15,913,7.0,130.4,119.3,1,1
1,2025-12-21,13,964,8.0,120.5,119.3,1,1
1,2025-12-21,14,854,7.0,122.0,119.3,1,1
1,2025-12-22,8,1924,14.0,137.4,119.3,3,3
1,2025-12-22,12,1470,12.0,122.5,119.3,1,1
1,2025-12-22,13,1488,11.0,135.3,119.3,2,2
1,2025-12-22,14,1438,11.0,130.7,119.3,2,2
1,2025-12-22,15,1608,13.0,123.7,119.3,1,1
1,2025-12-22,17,1769,14.0,126.4,119.3,1,1
1,2025-12-22,18,1823,14.0,130.2,119.3,2,2
1,2025-12-23,8,1977,14.0,141.2,119.3,3,3
1,2025-12-23,12,1510,12.0,125.8,119.3,1,1
1,2025-12-23,13,1529,11.0,139.0,119.3,2,2
1,2025-12-23,14,1478,11.0,134.4,119.3,2,2
1,2025-12-23,15,1652,13.0,127.1,119.3,1,1
1,2025-12-23,17,1818,14.0,129.9,119.3,2,2
1,2025-12-23,18,1873,14.0,133.8,119.3,2,2
1,2025-12-24,8,1977,14.0,141.2,119.3,3,3
1,2025-12-24,12,1510,12.0,125.8,119.3,1,1
1,2025-12-24,13,1529,11.0,139.0,119.3,2,2
1,2025-12-24,14,1478,11.0,134.4,119.3,2,2
1,2025-12-24,15,1652,13.0,127.1,119.3,1,1
1,2025-12-24,17,1818,14.0,129.9,119.3,2,2
1,2025-12-24,18,1873,14.0,133.8,119.3,2,2
1,2025-12-25,8,1977,14.0,141.2,119.3,3,3
1,2025-12-25,12,1510,12.0,125.8,119.3,1,1
1,2025-12-25,13,1529,11.0,139.0,119.3,2,2
1,2025-12-25,14,1478,11.0,134.4,119.3,2,2
1,2025-12-25,15,1652,13.0,127.1,119.3,1,1
1,2025-12-25,17,1818,14.0,129.9,119.3,2,2
1,2025-12-25,18,1873,14.0,133.8,119.3,2,2
1,2025-12-26,8,1874,14.0,133.9,119.3,2,2
1,2025-12-26,12,1477,12.0,123.1,119.3,1,1
1,2025-12-26,13,1530,11.0,139.1,119.3,2,2
1,2025-12-26,14,1436,11.0,130.5,119.3,2,2
1,2025-12-26,15,1620,13.0,124.6,119.3,1,1
1,2025-12-26,16,1706,14.0,121.9,119.3,1,1
1,2025-12-26,17,1778,14.0,127.0,119.3,1,1
1,2025-12-27,12,1101,8.5,129.5,119.3,1,1
1,2025-12-27,13,1132,8.5,133.2,119.3,1,1
1,2025-12-27,14,1073,7.0,153.3,119.3,2,2
1,2025-12-27,15,913,7.0,130.4,119.3,1,1
1,2025-12-28,13,964,8.0,120.5,119.3,1,1
1,2025-12-28,14,854,7.0,122.0,119.3,1,1
1,2025-12-29,8,1732,14.0,123.7,119.3,1,1
1,2025-12-29,13,1339,11.0,121.7,119.3,1,1
1,2025-12-30,8,1680,14.0,120.0,119.3,1,1
7,2025-11-01,8,2037,16.0,127.3,114.5,2,2
7,2025-11-05,8,2575,16.0,160.9,114.5,7,7
7,2025-11-05,9,1964,17.0,115.5,114.5,1,1
7,2025-11-05,17,2405,20.0,120.2,114.5,2,2
7,2025-11-05,18,2650,20.0,132.5,114.5,4,4
7,2025-11-06,8,2575,16.0,160.9,114.5,7,7
7,2025-11-06,9,1964,17.0,115.5,114.5,1,1
7,2025-11-06,17,2405,20.0,120.2,114.5,2,2
7,2025-11-06,18,2650,20.0,132.5,114.5,4,4
7,2025-11-07,8,2315,16.0,144.7,114.5,5,5
7,2025-11-07,15,1900,16.0,118.8,114.5,1,1
7,2025-11-07,16,2223,18.0,123.5,114.5,2,2
7,2025-11-07,17,2304,20.0,115.2,114.5,1,1
7,2025-11-10,8,2506,16.0,156.6,114.5,6,6
7,2025-11-10,17,2340,20.0,117.0,114.5,1,1
7,2025-11-10,18,2579,20.0,129.0,114.5,3,3
7,2025-11-11,8,2575,16.0,160.9,114.5,7,7
7,2025-11-11,9,1964,17.0,115.5,114.5,1,1
7,2025-11-11,17,2405,20.0,120.2,114.5,2,2
7,2025-11-11,18,2650,20.0,132.5,114.5,4,4
7,2025-11-12,8,2420,16.0,151.2,114.5,6,6
7,2025-11-12,18,2491,20.0,124.6,114.5,2,2
7,2025-11-13,8,2420,16.0,151.2,114.5,6,6
7,2025-11-13,18,2491,20.0,124.6,114.5,2,2
7,2025-11-14,8,2176,16.0,136.0,114.5,4,4
7,2025-11-14,16,2090,18.0,116.1,114.5,1,1
7,2025-11-17,8,2355,16.0,147.2,114.5,5,5
7,2025-11-17,18,2424,20.0,121.2,114.5,2,2
7,2025-11-18,8,2420,16.0,151.2,114.5,6,6
7,2025-11-18,18,2491,20.0,124.6,114.5,2,2
7,2025-11-19,8,2420,16.0,151.2,114.5,6,6
7,2025-11-19,18,2491,20.0,124.6,114.5,2,2
7,2025-11-20,8,2420,16.0,151.2,114.5,6,6
7,2025-11-20,18,2491,20.0,124.6,114.5,2,2
7,2025-11-21,8,2176,16.0,136.0,114.5,4,4
7,2025-11-21,16,2090,18.0,116.1,114.5,1,1
7,2025-11-24,8,2355,16.0,147.2,114.5,5,5
7,2025-11-24,18,2424,20.0,121.2,114.5,2,2
7,2025-11-25,8,2420,16.0,151.2,114.5,6,6
7,2025-11-25,18,2491,20.0,124.6,114.5,2,2
7,2025-11-26,8,2420,16.0,151.2,114.5,6,6
7,2025-11-26,18,2491,20.0,124.6,114.5,2,2
7,2025-11-27,8,2420,16.0,151.2,114.5,6,6
7,2025-11-27,18,2491,20.0,124.6,114.5,2,2
7,2025-11-28,8,2176,16.0,136.0,114.5,4,4
7,2025-11-28,16,2090,18.0,116.1,114.5,1,1
7,2025-12-01,8,2362,16.0,147.6,114.5,5,5
7,2025-12-01,18,2430,20.0,121.5,114.5,2,2
7,2025-12-02,8,2427,16.0,151.7,114.5,6,6
7,2025-12-02,18,2497,20.0,124.8,114.5,2,2
7,2025-12-03,8,2427,16.0,151.7,114.5,6,6
7,2025-12-03,18,2497,20.0,124.8,114.5,2,2
7,2025-12-04,8,2427,16.0,151.7,114.5,6,6
7,2025-12-04,18,2497,20.0,124.8,114.5,2,2
7,2025-12-05,8,2179,16.0,136.2,114.5,4,4
7,2025-12-05,16,2094,18.0,116.3,114.5,1,1
7,2025-12-08,8,2362,16.0,147.6,114.5,5,5
7,2025-12-08,18,2430,20.0,121.5,114.5,2,2
7,2025-12-09,8,2427,16.0,151.7,114.5,6,6
7,2025-12-09,18,2497,20.0,124.8,114.5,2,2
7,2025-12-10,8,2427,16.0,151.7,114.5,6,6
7,2025-12-10,18,2497,20.0,124.8,114.5,2,2
7,2025-12-11,8,2427,16.0,151.7,114.5,6,6
7,2025-12-11,18,2497,20.0,124.8,114.5,2,2
7,2025-12-12,8,2179,16.0,136.2,114.5,4,4
7,2025-12-12,16,2094,18.0,116.3,114.5,1,1
7,2025-12-15,8,2362,16.0,147.6,114.5,5,5
7,2025-12-15,18,2430,20.0,121.5,114.5,2,2
7,2025-12-16,8,2427,16.0,151.7,114.5,6,6
7,2025-12-16,18,2497,20.0,124.8,114.5,2,2
7,2025-12-17,8,2427,16.0,151.7,114.5,6,6
7,2025-12-17,18,2497,20.0,124.8,114.5,2,2
7,2025-12-18,8,2427,16.0,151.7,114.5,6,6
7,2025-12-18,18,2497,20.0,124.8,114.5,2,2
7,2025-12-19,8,2179,16.0,136.2,114.5,4,4
7,2025-12-19,16,2094,18.0,116.3,114.5,1,1
7,2025-12-22,8,2362,16.0,147.6,114.5,5,5
7,2025-12-22,18,2430,20.0,121.5,114.5,2,2
7,2025-12-23,8,2427,16.0,151.7,114.5,6,6
7,2025-12-23,18,2497,20.0,124.8,114.5,2,2
7,2025-12-24,8,2427,16.0,151.7,114.5,6,6
7,2025-12-24,18,2497,20.0,124.8,114.5,2,2
7,2025-12-25,8,2427,16.0,151.7,114.5,6,6
7,2025-12-25,18,2497,20.0,124.8,114.5,2,2
7,2025-12-26,8,2179,16.0,136.2,114.5,4,4
7,2025-12-26,16,2094,18.0,116.3,114.5,1,1
7,2025-12-29,8,2126,16.0,132.9,114.5,3,3
7,2025-12-30,8,2063,16.0,128.9,114.5,3,3
11,2025-11-01,8,2789,20.0,139.4,134.5,1,1
11,2025-11-02,14,1766,12.5,141.3,134.5,1,1
11,2025-11-05,8,3255,20.0,162.8,134.5,5,5
11,2025-11-05,13,2170,15.0,144.7,134.5,2,2
11,2025-11-05,14,2123,15.0,141.5,134.5,1,1
11,2025-11-05,15,2174,15.0,144.9,134.5,2,2
11,2025-11-05,17,2849,21.0,135.7,134.5,1,1
11,2025-11-05,18,3179,21.0,151.4,134.5,3,3
11,2025-11-06,8,3255,20.0,162.8,134.5,5,5
11,2025-11-06,13,2170,15.0,144.7,134.5,2,2
11,2025-11-06,14,2123,15.0,141.5,134.5,1,1
11,2025-11-06,15,2174,15.0,144.9,134.5,2,2
11,2025-11-06,17,2849,21.0,135.7,134.5,1,1
11,2025-11-06,18,3179,21.0,151.4,134.5,3,3
11,2025-11-07,8,3171,20.0,158.6,134.5,4,4
11,2025-11-07,13,2033,15.0,135.5,134.5,1,1
11,2025-11-07,14,2162,15.0,144.1,134.5,2,2
11,2025-11-07,15,2276,15.0,151.7,134.5,2,2
11,2025-11-07,17,2940,21.0,140.0,134.5,1,1
11,2025-11-08,13,1848,12.5,147.8,134.5,1,1
11,2025-11-08,14,2023,13.0,155.6,134.5,3,3
11,2025-11-09,14,1766,12.5,141.3,134.5,1,1
11,2025-11-10,8,3167,20.0,158.4,134.5,4,4
11,2025-11-10,13,2112,15.0,140.8,134.5,1,1
11,2025-11-10,14,2066,15.0,137.7,134.5,1,1
11,2025-11-10,15,2115,15.0,141.0,134.5,1,1
11,2025-11-10,18,3094,21.0,147.3,134.5,2,2
11,2025-11-11,8,3255,20.0,162.8,134.5,5,5
11,2025-11-11,13,2170,15.0,144.7,134.5,2,2
11,2025-11-11,14,2123,15.0,141.5,134.5,1,1
11,2025-11-11,15,2174,15.0,144.9,134.5,2,2
11,2025-11-11,17,2849,21.0,135.7,134.5,1,1
11,2025-11-11,18,3179,21.0,151.4,134.5,3,3
11,2025-11-12,8,3255,20.0,162.8,134.5,5,5
11,2025-11-12,13,2170,15.0,144.7,134.5,2,2
11,2025-11-12,14,2123,15.0,141.5,134.5,1,1
11,2025-11-12,15,2174,15.0,144.9,134.5,2,2
11,2025-11-12,17,2849,21.0,135.7,134.5,1,1
11,2025-11-12,18,3179,21.0,151.4,134.5,3,3
11,2025-11-13,8,3255,20.0,162.8,134.5,5,5
11,2025-11-13,13,2170,15.0,144.7,134.5,2,2
11,2025-11-13,14,2123,15.0,141.5,134.5,1,1
11,2025-11-13,15,2174,15.0,144.9,134.5,2,2
11,2025-11-13,17,2849,21.0,135.7,134.5,1,1
11,2025-11-13,18,3179,21.0,151.4,134.5,3,3
11,2025-11-14,8,3171,20.0,158.6,134.5,4,4
11,2025-11-14,13,2033,15.0,135.5,134.5,1,1
11,2025-11-14,14,2162,15.0,144.1,134.5,2,2
11,2025-11-14,15,2276,15.0,151.7,134.5,2,2
11,2025-11-14,17,2940,21.0,140.0,134.5,1,1
11,2025-11-15,13,1848,12.5,147.8,134.5,1,1
11,2025-11-15,14,2023,13.0,155.6,134.5,3,3
11,2025-11-16,14,1766,12.5,141.3,134.5,1,1
11,2025-11-17,8,3167,20.0,158.4,134.5,4,4
11,2025-11-17,13,2112,15.0,140.8,134.5,1,1
11,2025-11-17,14,2066,15.0,137.7,134.5,1,1
11,2025-11-17,15,2115,15.0,141.0,134.5,1,1
11,2025-11-17,18,3094,21.0,147.3,134.5,2,2
11,2025-11-18,8,3255,20.0,162.8,134.5,5,5
11,2025-11-18,13,2170,15.0,144.7,134.5,2,2
11,2025-11-18,14,2123,15.0,141.5,134.5,1,1
11,2025-11-18,15,2174,15.0,144.9,134.5,2,2
11,2025-11-18,17,2849,21.0,135.7,134.5,1,1
11,2025-11-18,18,3179,21.0,151.4,134.5,3,3
11,2025-11-19,8,3255,20.0,162.8,134.5,5,5
11,2025-11-19,13,2170,15.0,144.7,134.5,2,2
11,2025-11-19,14,2123,15.0,141.5,134.5,1,1
11,2025-11-19,15,2174,15.0,144.9,134.5,2,2
11,2025-11-19,17,2849,21.0,135.7,134.5,1,1
11,2025-11-19,18,3179,21.0,151.4,134.5,3,3
11,2025-11-20,8,3255,20.0,162.8,134.5,5,5
11,2025-11-20,13,2170,15.0,144.7,134.5,2,2
11,2025-11-20,14,2123,15.0,141.5,134.5,1,1
11,2025-11-20,15,2174,15.0,144.9,134.5,2,2
11,2025-11-20,17,2849,21.0,135.7,134.5,1,1
11,2025-11-20,18,3179,21.0,151.4,134.5,3,3
11,2025-11-21,8,3171,20.0,158.6,134.5,4,4
11,2025-11-21,13,2033,15.0,135.5,134.5,1,1
11,2025-11-21,14,2162,15.0,144.1,134.5,2,2
11,2025-11-21,15,2276,15.0,151.7,134.5,2,2
11,2025-11-21,17,2940,21.0,140.0,134.5,1,1
11,2025-11-22,13,1848,12.5,147.8,134.5,1,1
11,2025-11-22,14,2023,13.0,155.6,134.5,3,3
11,2025-11-23,14,1766,12.5,141.3,134.5,1,1
11,2025-11-24,8,3167,20.0,158.4,134.5,4,4
11,2025-11-24,13,2112,15.0,140.8,134.5,1,1
11,2025-11-24,14,2066,15.0,137.7,134.5,1,1
11,2025-11-24,15,2115,15.0,141.0,134.5,1,1
11,2025-11-24,18,3094,21.0,147.3,134.5,2,2
11,2025-11-25,8,3255,20.0,162.8,134.5,5,5
11,2025-11-25,13,2170,15.0,144.7,134.5,2,2
11,2025-11-25,14,2123,15.0,141.5,134.5,1,1
11,2025-11-25,15,2174,15.0,144.9,134.5,2,2
11,2025-11-25,17,2849,21.0,135.7,134.5,1,1
11,2025-11-25,18,3179,21.0,151.4,134.5,3,3
11,2025-11-26,8,3255,20.0,162.8,134.5,5,5
11,2025-11-26,13,2170,15.0,144.7,134.5,2,2
11,2025-11-26,14,2123,15.0,141.5,134.5,1,1
11,2025-11-26,15,2174,15.0,144.9,134.5,2,2
11,2025-11-26,17,2849,21.0,135.7,134.5,1,1
11,2025-11-26,18,3179,21.0,151.4,134.5,3,3
11,2025-11-27,8,3255,20.0,162.8,134.5,5,5
11,2025-11-27,13,2170,15.0,144.7,134.5,2,2
11,2025-11-27,14,2123,15.0,141.5,134.5,1,1
11,2025-11-27,15,2174,15.0,144.9,134.5,2,2
11,2025-11-27,17,2849,21.0,135.7,134.5,1,1
11,2025-11-27,18,3179,21.0,151.4,134.5,3,3
11,2025-11-28,8,3171,20.0,158.6,134.5,4,4
11,2025-11-28,13,2033,15.0,135.5,134.5,1,1
11,2025-11-28,14,2162,15.0,144.1,134.5,2,2
11,2025-11-28,15,2276,15.0,151.7,134.5,2,2
11,2025-11-28,17,2940,21.0,140.0,134.5,1,1
11,2025-11-29,13,1848,12.5,147.8,134.5,1,1
11,2025-11-29,14,2023,13.0,155.6,134.5,3,3
11,2025-11-30,14,1766,12.5,141.3,134.5,1,1
11,2025-12-01,8,3154,20.0,157.7,134.5,4,4
11,2025-12-01,13,2107,15.0,140.5,134.5,1,1
11,2025-12-01,14,2058,15.0,137.2,134.5,1,1
11,2025-12-01,15,2137,15.0,142.5,134.5,1,1
11,2025-12-01,18,3102,21.0,147.7,134.5,3,3
11,2025-12-02,8,3241,20.0,162.0,134.5,5,5
11,2025-12-02,13,2165,15.0,144.3,134.5,2,2
11,2025-12-02,14,2114,15.0,140.9,134.5,1,1
11,2025-12-02,15,2196,15.0,146.4,134.5,2,2
11,2025-12-02,17,2858,21.0,136.1,134.5,1,1
11,2025-12-02,18,3187,21.0,151.8,134.5,3,3
11,2025-12-03,8,3241,20.0,162.0,134.5,5,5
11,2025-12-03,13,2165,15.0,144.3,134.5,2,2
11,2025-12-03,14,2114,15.0,140.9,134.5,1,1
11,2025-12-03,15,2196,15.0,146.4,134.5,2,2
11,2025-12-03,17,2858,21.0,136.1,134.5,1,1
11,2025-12-03,18,3187,21.0,151.8,134.5,3,3
11,2025-12-04,8,3241,20.0,162.0,134.5,5,5
11,2025-12-04,13,2165,15.0,144.3,134.5,2,2
11,2025-12-04,14,2114,15.0,140.9,134.5,1,1
11,2025-12-04,15,2196,15.0,146.4,134.5,2,2
11,2025-12-04,17,2858,21.0,136.1,134.5,1,1
11,2025-12-04,18,3187,21.0,151.8,134.5,3,3
11,2025-12-05,8,3123,20.0,156.2,134.5,4,4
11,2025-12-05,13,2042,15.0,136.1,134.5,1,1
11,2025-12-05,14,2151,15.0,143.4,134.5,1,1
11,2025-12-05,15,2292,15.0,152.8,134.5,3,3
11,2025-12-05,17,2935,21.0,139.8,134.5,1,1
11,2025-12-06,13,1831,12.5,146.5,134.5,1,1
11,2025-12-06,14,1990,13.0,153.1,134.5,2,2
11,2025-12-07,14,1747,12.5,139.8,134.5,1,1
11,2025-12-08,8,3154,20.0,157.7,134.5,4,4
11,2025-12-08,13,2107,15.0,140.5,134.5,1,1
11,2025-12-08,14,2058,15.0,137.2,134.5,1,1
11,2025-12-08,15,2137,15.0,142.5,134.5,1,1
11,2025-12-08,18,3102,21.0,147.7,134.5,3,3
11,2025-12-09,8,3241,20.0,162.0,134.5,5,5
11,2025-12-09,13,2165,15.0,144.3,134.5,2,2
11,2025-12-09,14,2114,15.0,140.9,134.5,1,1
11,2025-12-09,15,2196,15.0,146.4,134.5,2,2
11,2025-12-09,17,2858,21.0,136.1,134.5,1,1
11,2025-12-09,18,3187,21.0,151.8,134.5,3,3
11,2025-12-10,8,3241,20.0,162.0,134.5,5,5
11,2025-12-10,13,2165,15.0,144.3,134.5,2,2
11,2025-12-10,14,2114,15.0,140.9,134.5,1,1
11,2025-12-10,15,2196,15.0,146.4,134.5,2,2
11,2025-12-10,17,2858,21.0,136.1,134.5,1,1
11,2025-12-10,18,3187,21.0,151.8,134.5,3,3
11,2025-12-11,8,3241,20.0,162.0,134.5,5,5
11,2025-12-11,13,2165,15.0,144.3,134.5,2,2
11,2025-12-11,14,2114,15.0,140.9,134.5,1,1
11,2025-12-11,15,2196,15.0,146.4,134.5,2,2
11,2025-12-11,17,2858,21.0,136.1,134.5,1,1
11,2025-12-11,18,3187,21.0,151.8,134.5,3,3
11,2025-12-12,8,3123,20.0,156.2,134.5,4,4
11,2025-12-12,13,2042,15.0,136.1,134.5,1,1
11,2025-12-12,14,2151,15.0,143.4,134.5,1,1
11,2025-12-12,15,2292,15.0,152.8,134.5,3,3
11,2025-12-12,17,2935,21.0,139.8,134.5,1,1
11,2025-12-13,13,1831,12.5,146.5,134.5,1,1
11,2025-12-13,14,1990,13.0,153.1,134.5,2,2
11,2025-12-14,14,1747,12.5,139.8,134.5,1,1
11,2025-12-15,8,3154,20.0,157.7,134.5,4,4
11,2025-12-15,13,2107,15.0,140.5,134.5,1,1
11,2025-12-15,14,2058,15.0,137.2,134.5,1,1
11,2025-12-15,15,2137,15.0,142.5,134.5,1,1
11,2025-12-15,18,3102,21.0,147.7,134.5,3,3
11,2025-12-16,8,3241,20.0,162.0,134.5,5,5
11,2025-12-16,13,2165,15.0,144.3,134.5,2,2
11,2025-12-16,14,2114,15.0,140.9,134.5,1,1
11,2025-12-16,15,2196,15.0,146.4,134.5,2,2
11,2025-12-16,17,2858,21.0,136.1,134.5,1,1
11,2025-12-16,18,3187,21.0,151.8,134.5,3,3
11,2025-12-17,8,3241,20.0,162.0,134.5,5,5
11,2025-12-17,13,2165,15.0,144.3,134.5,2,2
11,2025-12-17,14,2114,15.0,140.9,134.5,1,1
11,2025-12-17,15,2196,15.0,146.4,134.5,2,2
11,2025-12-17,17,2858,21.0,136.1,134.5,1,1
11,2025-12-17,18,3187,21.0,151.8,134.5,3,3
11,2025-12-18,8,3241,20.0,162.0,134.5,5,5
11,2025-12-18,13,2165,15.0,144.3,134.5,2,2
11,2025-12-18,14,2114,15.0,140.9,134.5,1,1
11,2025-12-18,15,2196,15.0,146.4,134.5,2,2
11,2025-12-18,17,2858,21.0,136.1,134.5,1,1
11,2025-12-18,18,3187,21.0,151.8,134.5,3,3
11,2025-12-19,8,3123,20.0,156.2,134.5,4,4
11,2025-12-19,13,2042,15.0,136.1,134.5,1,1
11,2025-12-19,14,2151,15.0,143.4,134.5,1,1
11,2025-12-19,15,2292,15.0,152.8,134.5,3,3
11,2025-12-19,17,2935,21.0,139.8,134.5,1,1
11,2025-12-20,13,1831,12.5,146.5,134.5,1,1
11,2025-12-20,14,1990,13.0,153.1,134.5,2,2
11,2025-12-21,14,1747,12.5,139.8,134.5,1,1
11,2025-12-22,8,3154,20.0,157.7,134.5,4,4
11,2025-12-22,13,2107,15.0,140.5,134.5,1,1
11,2025-12-22,14,2058,15.0,137.2,134.5,1,1
11,2025-12-22,15,2137,15.0,142.5,134.5,1,1
11,2025-12-22,18,3102,21.0,147.7,134.5,3,3
11,2025-12-23,8,3241,20.0,162.0,134.5,5,5
11,2025-12-23,13,2165,15.0,144.3,134.5,2,2
11,2025-12-23,14,2114,15.0,140.9,134.5,1,1
11,2025-12-23,15,2196,15.0,146.4,134.5,2,2
11,2025-12-23,17,2858,21.0,136.1,134.5,1,1
11,2025-12-23,18,3187,21.0,151.8,134.5,3,3
11,2025-12-24,8,3241,20.0,162.0,134.5,5,5
11,2025-12-24,13,2165,15.0,144.3,134.5,2,2
11,2025-12-24,14,2114,15.0,140.9,134.5,1,1
11,2025-12-24,15,2196,15.0,146.4,134.5,2,2
11,2025-12-24,17,2858,21.0,136.1,134.5,1,1
11,2025-12-24,18,3187,21.0,151.8,134.5,3,3
11,2025-12-25,8,3241,20.0,162.0,134.5,5,5
11,2025-12-25,13,2165,15.0,144.3,134.5,2,2
11,2025-12-25,14,2114,15.0,140.9,134.5,1,1
11,2025-12-25,15,2196,15.0,146.4,134.5,2,2
11,2025-12-25,17,2858,21.0,136.1,134.5,1,1
11,2025-12-25,18,3187,21.0,151.8,134.5,3,3
11,2025-12-26,8,3123,20.0,156.2,134.5,4,4
11,2025-12-26,13,2042,15.0,136.1,134.5,1,1
11,2025-12-26,14,2151,15.0,143.4,134.5,1,1
11,2025-12-26,15,2292,15.0,152.8,134.5,3,3
11,2025-12-26,17,2935,21.0,139.8,134.5,1,1
11,2025-12-27,13,1831,12.5,146.5,134.5,1,1
11,2025-12-27,14,1990,13.0,153.1,134.5,2,2
11,2025-12-28,14,1747,12.5,139.8,134.5,1,1
11,2025-12-29,8,2839,20.0,142.0,134.5,2,2
11,2025-12-30,8,2755,20.0,137.8,134.5,1,1
12,2025-11-01,8,2941,21.0,140.0,126.5,3,3
12,2025-11-05,7,2679,21.0,127.6,126.5,1,1
12,2025-11-05,8,3581,21.0,170.5,126.5,8,8
12,2025-11-05,16,2812,22.0,127.8,126.5,1,1
12,2025-11-05,17,2976,22.0,135.3,126.5,2,2
12,2025-11-05,18,3131,22.0,142.3,126.5,3,3
12,2025-11-06,7,2679,21.0,127.6,126.5,1,1
12,2025-11-06,8,3581,21.0,170.5,126.5,8,8
12,2025-11-06,16,2812,22.0,127.8,126.5,1,1
12,2025-11-06,17,2976,22.0,135.3,126.5,2,2
12,2025-11-06,18,3131,22.0,142.3,126.5,3,3
12,2025-11-07,8,3343,21.0,159.2,126.5,6,6
12,2025-11-07,16,3065,22.0,139.3,126.5,3,3
12,2025-11-07,17,2896,22.0,131.6,126.5,1,1
12,2025-11-10,8,3485,21.0,166.0,126.5,7,7
12,2025-11-10,17,2896,22.0,131.6,126.5,1,1
12,2025-11-10,18,3047,22.0,138.5,126.5,3,3
12,2025-11-11,7,2679,21.0,127.6,126.5,1,1
12,2025-11-11,8,3581,21.0,170.5,126.5,8,8
12,2025-11-11,16,2812,22.0,127.8,126.5,1,1
12,2025-11-11,17,2976,22.0,135.3,126.5,2,2
12,2025-11-11,18,3131,22.0,142.3,126.5,3,3
12,2025-11-12,7,2679,21.0,127.6,126.5,1,1
12,2025-11-12,8,3581,21.0,170.5,126.5,8,8
12,2025-11-12,16,2812,22.0,127.8,126.5,1,1
12,2025-11-12,17,2976,22.0,135.3,126.5,2,2
12,2025-11-12,18,3131,22.0,142.3,126.5,3,3
12,2025-11-13,7,2679,21.0,127.6,126.5,1,1
12,2025-11-13,8,3581,21.0,170.5,126.5,8,8
12,2025-11-13,16,2812,22.0,127.8,126.5,1,1
12,2025-11-13,17,2976,22.0,135.3,126.5,2,2
12,2025-11-13,18,3131,22.0,142.3,126.5,3,3
12,2025-11-14,8,3343,21.0,159.2,126.5,6,6
12,2025-11-14,16,3065,22.0,139.3,126.5,3,3
12,2025-11-14,17,2896,22.0,131.6,126.5,1,1
12,2025-11-17,8,3485,21.0,166.0,126.5,7,7
12,2025-11-17,17,2896,22.0,131.6,126.5,1,1
12,2025-11-17,18,3047,22.0,138.5,126.5,3,3
12,2025-11-18,7,2679,21.0,127.6,126.5,1,1
12,2025-11-18,8,3581,21.0,170.5,126.5,8,8
12,2025-11-18,16,2812,22.0,127.8,126.5,1,1
12,2025-11-18,17,2976,22.0,135.3,126.5,2,2
12,2025-11-18,18,3131,22.0,142.3,126.5,3,3
12,2025-11-19,7,2679,21.0,127.6,126.5,1,1
12,2025-11-19,8,3581,21.0,170.5,126.5,8,8
12,2025-11-19,16,2812,22.0,127.8,126.5,1,1
12,2025-11-19,17,2976,22.0,135.3,126.5,2,2
12,2025-11-19,18,3131,22.0,142.3,126.5,3,3
12,2025-11-20,7,2679,21.0,127.6,126.5,1,1
12,2025-11-20,8,3581,21.0,170.5,126.5,8,8
12,2025-11-20,16,2812,22.0,127.8,126.5,1,1
12,2025-11-20,17,2976,22.0,135.3,126.5,2,2
12,2025-11-20,18,3131,22.0,142.3,126.5,3,3
12,2025-11-21,8,3343,21.0,159.2,126.5,6,6
12,2025-11-21,16,3065,22.0,139.3,126.5,3,3
12,2025-11-21,17,2896,22.0,131.6,126.5,1,1
12,2025-11-24,8,3485,21.0,166.0,126.5,7,7
12,2025-11-24,17,2896,22.0,131.6,126.5,1,1
12,2025-11-24,18,3047,22.0,138.5,126.5,3,3
12,2025-11-25,7,2679,21.0,127.6,126.5,1,1
12,2025-11-25,8,3581,21.0,170.5,126.5,8,8
12,2025-11-25,16,2812,22.0,127.8,126.5,1,1
12,2025-11-25,17,2976,22.0,135.3,126.5,2,2
12,2025-11-25,18,3131,22.0,142.3,126.5,3,3
12,2025-11-26,7,2679,21.0,127.6,126.5,1,1
12,2025-11-26,8,3581,21.0,170.5,126.5,8,8
12,2025-11-26,16,2812,22.0,127.8,126.5,1,1
12,2025-11-26,17,2976,22.0,135.3,126.5,2,2
12,2025-11-26,18,3131,22.0,142.3,126.5,3,3
12,2025-11-27,7,2679,21.0,127.6,126.5,1,1
12,2025-11-27,8,3581,21.0,170.5,126.5,8,8
12,2025-11-27,16,2812,22.0,127.8,126.5,1,1
12,2025-11-27,17,2976,22.0,135.3,126.5,2,2
12,2025-11-27,18,3131,22.0,142.3,126.5,3,3
12,2025-11-28,8,3343,21.0,159.2,126.5,6,6
12,2025-11-28,16,3065,22.0,139.3,126.5,3,3
12,2025-11-28,17,2896,22.0,131.6,126.5,1,1
12,2025-12-01,8,3480,21.0,165.7,126.5,7,7
12,2025-12-01,17,2904,22.0,132.0,126.5,1,1
12,2025-12-01,18,3051,22.0,138.7,126.5,3,3
12,2025-12-02,7,2679,21.0,127.6,126.5,1,1
12,2025-12-02,8,3576,21.0,170.3,126.5,8,8
12,2025-12-02,16,2826,22.0,128.5,126.5,1,1
12,2025-12-02,17,2984,22.0,135.6,126.5,2,2
12,2025-12-02,18,3136,22.0,142.5,126.5,3,3
12,2025-12-03,7,2679,21.0,127.6,126.5,1,1
12,2025-12-03,8,3576,21.0,170.3,126.5,8,8
12,2025-12-03,16,2826,22.0,128.5,126.5,1,1
12,2025-12-03,17,2984,22.0,135.6,126.5,2,2
12,2025-12-03,18,3136,22.0,142.5,126.5,3,3
12,2025-12-04,7,2679,21.0,127.6,126.5,1,1
12,2025-12-04,8,3576,21.0,170.3,126.5,8,8
12,2025-12-04,16,2826,22.0,128.5,126.5,1,1
12,2025-12-04,17,2984,22.0,135.6,126.5,2,2
12,2025-12-04,18,3136,22.0,142.5,126.5,3,3
12,2025-12-05,8,3344,21.0,159.2,126.5,6,6
12,2025-12-05,16,3083,22.0,140.1,126.5,3,3
12,2025-12-05,17,2903,22.0,132.0,126.5,1,1
12,2025-12-08,8,3480,21.0,165.7,126.5,7,7
12,2025-12-08,17,2904,22.0,132.0,126.5,1,1
12,2025-12-08,18,3051,22.0,138.7,126.5,3,3
12,2025-12-09,7,2679,21.0,127.6,126.5,1,1
12,2025-12-09,8,3576,21.0,170.3,126.5,8,8
12,2025-12-09,16,2826,22.0,128.5,126.5,1,1
12,2025-12-09,17,2984,22.0,135.6,126.5,2,2
12,2025-12-09,18,3136,22.0,142.5,126.5,3,3
12,2025-12-10,7,2679,21.0,127.6,126.5,1,1
12,2025-12-10,8,3576,21.0,170.3,126.5,8,8
12,2025-12-10,16,2826,22.0,128.5,126.5,1,1
12,2025-12-10,17,2984,22.0,135.6,126.5,2,2
12,2025-12-10,18,3136,22.0,142.5,126.5,3,3
12,2025-12-11,7,2679,21.0,127.6,126.5,1,1
12,2025-12-11,8,3576,21.0,170.3,126.5,8,8
12,2025-12-11,16,2826,22.0,128.5,126.5,1,1
12,2025-12-11,17,2984,22.0,135.6,126.5,2,2
12,2025-12-11,18,3136,22.0,142.5,126.5,3,3
12,2025-12-12,8,3344,21.0,159.2,126.5,6,6
12,2025-12-12,16,3083,22.0,140.1,126.5,3,3
12,2025-12-12,17,2903,22.0,132.0,126.5,1,1
12,2025-12-15,8,3480,21.0,165.7,126.5,7,7
12,2025-12-15,17,2904,22.0,132.0,126.5,1,1
12,2025-12-15,18,3051,22.0,138.7,126.5,3,3
12,2025-12-16,7,2679,21.0,127.6,126.5,1,1
12,2025-12-16,8,3576,21.0,170.3,126.5,8,8
12,2025-12-16,16,2826,22.0,128.5,126.5,1,1
12,2025-12-16,17,2984,22.0,135.6,126.5,2,2
12,2025-12-16,18,3136,22.0,142.5,126.5,3,3
12,2025-12-17,7,2679,21.0,127.6,126.5,1,1
12,2025-12-17,8,3576,21.0,170.3,126.5,8,8
12,2025-12-17,16,2826,22.0,128.5,126.5,1,1
12,2025-12-17,17,2984,22.0,135.6,126.5,2,2
12,2025-12-17,18,3136,22.0,142.5,126.5,3,3
12,2025-12-18,7,2679,21.0,127.6,126.5,1,1
12,2025-12-18,8,3576,21.0,170.3,126.5,8,8
12,2025-12-18,16,2826,22.0,128.5,126.5,1,1
12,2025-12-18,17,2984,22.0,135.6,126.5,2,2
12,2025-12-18,18,3136,22.0,142.5,126.5,3,3
12,2025-12-19,8,3344,21.0,159.2,126.5,6,6
12,2025-12-19,16,3083,22.0,140.1,126.5,3,3
12,2025-12-19,17,2903,22.0,132.0,126.5,1,1
12,2025-12-22,8,3480,21.0,165.7,126.5,7,7
12,2025-12-22,17,2904,22.0,132.0,126.5,1,1
12,2025-12-22,18,3051,22.0,138.7,126.5,3,3
12,2025-12-23,7,2679,21.0,127.6,126.5,1,1
12,2025-12-23,8,3576,21.0,170.3,126.5,8,8
12,2025-12-23,16,2826,22.0,128.5,126.5,1,1
12,2025-12-23,17,2984,22.0,135.6,126.5,2,2
12,2025-12-23,18,3136,22.0,142.5,126.5,3,3
12,2025-12-24,7,2679,21.0,127.6,126.5,1,1
12,2025-12-24,8,3576,21.0,170.3,126.5,8,8
12,2025-12-24,16,2826,22.0,128.5,126.5,1,1
12,2025-12-24,17,2984,22.0,135.6,126.5,2,2
12,2025-12-24,18,3136,22.0,142.5,126.5,3,3
12,2025-12-25,7,2679,21.0,127.6,126.5,1,1
12,2025-12-25,8,3576,21.0,170.3,126.5,8,8
12,2025-12-25,16,2826,22.0,128.5,126.5,1,1
12,2025-12-25,17,2984,22.0,135.6,126.5,2,2
12,2025-12-25,18,3136,22.0,142.5,126.5,3,3
12,2025-12-26,8,3344,21.0,159.2,126.5,6,6
12,2025-12-26,16,3083,22.0,140.1,126.5,3,3
12,2025-12-26,17,2903,22.0,132.0,126.5,1,1
12,2025-12-29,8,3132,21.0,149.1,126.5,4,4
12,2025-12-30,8,3040,21.0,144.8,126.5,4,4
17,2025-11-01,8,4442,25.0,177.7,174.1,1,1
17,2025-11-05,8,5439,25.0,217.6,174.1,7,7
17,2025-11-05,12,3110,17.0,182.9,174.1,1,1
17,2025-11-05,13,3171,17.0,186.5,174.1,2,2
17,2025-11-05,14,3264,17.0,192.0,174.1,2,2
17,2025-11-05,17,4496,25.0,179.8,174.1,1,1
17,2025-11-05,18,4840,25.5,189.8,174.1,2,2
17,2025-11-06,8,5439,25.0,217.6,174.1,7,7
17,2025-11-06,12,3110,17.0,182.9,174.1,1,1
17,2025-11-06,13,3171,17.0,186.5,174.1,2,2
17,2025-11-06,14,3264,17.0,192.0,174.1,2,2
17,2025-11-06,17,4496,25.0,179.8,174.1,1,1
17,2025-11-06,18,4840,25.5,189.8,174.1,2,2
17,2025-11-07,8,5049,25.0,202.0,174.1,5,5
17,2025-11-07,12,3015,17.0,177.4,174.1,1,1
17,2025-11-07,13,3083,17.0,181.4,174.1,1,1
17,2025-11-07,14,3170,17.0,186.5,174.1,2,2
17,2025-11-07,17,4473,25.0,178.9,174.1,1,1
17,2025-11-10,8,5293,25.0,211.7,174.1,6,6
17,2025-11-10,12,3026,17.0,178.0,174.1,1,1
17,2025-11-10,13,3086,17.0,181.5,174.1,1,1
17,2025-11-10,14,3176,17.0,186.8,174.1,2,2
17,2025-11-10,17,4375,25.0,175.0,174.1,1,1
17,2025-11-10,18,4710,25.5,184.7,174.1,2,2
17,2025-11-11,8,5439,25.0,217.6,174.1,7,7
17,2025-11-11,12,3110,17.0,182.9,174.1,1,1
17,2025-11-11,13,3171,17.0,186.5,174.1,2,2
17,2025-11-11,14,3264,17.0,192.0,174.1,2,2
17,2025-11-11,17,4496,25.0,179.8,174.1,1,1
17,2025-11-11,18,4840,25.5,189.8,174.1,2,2
17,2025-11-12,8,5439,25.0,217.6,174.1,7,7
17,2025-11-12,12,3110,17.0,182.9,174.1,1,1
17,2025-11-12,13,3171,17.0,186.5,174.1,2,2
17,2025-11-12,14,3264,17.0,192.0,174.1,2,2
17,2025-11-12,17,4496,25.0,179.8,174.1,1,1
17,2025-11-12,18,4840,25.5,189.8,174.1,2,2
17,2025-11-13,8,5439,25.0,217.6,174.1,7,7
17,2025-11-13,12,3110,17.0,182.9,174.1,1,1
17,2025-11-13,13,3171,17.0,186.5,174.1,2,2
17,2025-11-13,14,3264,17.0,192.0,174.1,2,2
17,2025-11-13,17,4496,25.0,179.8,174.1,1,1
17,2025-11-13,18,4840,25.5,189.8,174.1,2,2
17,2025-11-14,8,5049,25.0,202.0,174.1,5,5
17,2025-11-14,12,3015,17.0,177.4,174.1,1,1
17,2025-11-14,13,3083,17.0,181.4,174.1,1,1
17,2025-11-14,14,3170,17.0,186.5,174.1,2,2
17,2025-11-14,17,4473,25.0,178.9,174.1,1,1
17,2025-11-17,8,5293,25.0,211.7,174.1,6,6
17,2025-11-17,12,3026,17.0,178.0,174.1,1,1
17,2025-11-17,13,3086,17.0,181.5,174.1,1,1
17,2025-11-17,14,3176,17.0,186.8,174.1,2,2
17,2025-11-17,17,4375,25.0,175.0,174.1,1,1
17,2025-11-17,18,4710,25.5,184.7,174.1,2,2
17,2025-11-18,8,5439,25.0,217.6,174.1,7,7
17,2025-11-18,12,3110,17.0,182.9,174.1,1,1
17,2025-11-18,13,3171,17.0,186.5,174.1,2,2
17,2025-11-18,14,3264,17.0,192.0,174.1,2,2
17,2025-11-18,17,4496,25.0,179.8,174.1,1,1
17,2025-11-18,18,4840,25.5,189.8,174.1,2,2
17,2025-11-19,8,5439,25.0,217.6,174.1,7,7
17,2025-11-19,12,3110,17.0,182.9,174.1,1,1
17,2025-11-19,13,3171,17.0,186.5,174.1,2,2
17,2025-11-19,14,3264,17.0,192.0,174.1,2,2
17,2025-11-19,17,4496,25.0,179.8,174.1,1,1
17,2025-11-19,18,4840,25.5,189.8,174.1,2,2
17,2025-11-20,8,5439,25.0,217.6,174.1,7,7
17,2025-11-20,12,3110,17.0,182.9,174.1,1,1
17,2025-11-20,13,3171,17.0,186.5,174.1,2,2
17,2025-11-20,14,3264,17.0,192.0,174.1,2,2
17,2025-11-20,17,4496,25.0,179.8,174.1,1,1
17,2025-11-20,18,4840,25.5,189.8,174.1,2,2
17,2025-11-21,8,5049,25.0,202.0,174.1,5,5
17,2025-11-21,12,3015,17.0,177.4,174.1,1,1
17,2025-11-21,13,3083,17.0,181.4,174.1,1,1
17,2025-11-21,14,3170,17.0,186.5,174.1,2,2
17,2025-11-21,17,4473,25.0,178.9,174.1,1,1
17,2025-11-24,8,5293,25.0,211.7,174.1,6,6
17,2025-11-24,12,3026,17.0,178.0,174.1,1,1
17,2025-11-24,13,3086,17.0,181.5,174.1,1,1
17,2025-11-24,14,3176,17.0,186.8,174.1,2,2
17,2025-11-24,17,4375,25.0,175.0,174.1,1,1
17,2025-11-24,18,4710,25.5,184.7,174.1,2,2
17,2025-11-25,8,5439,25.0,217.6,174.1,7,7
17,2025-11-25,12,3110,17.0,182.9,174.1,1,1
17,2025-11-25,13,3171,17.0,186.5,174.1,2,2
17,2025-11-25,14,3264,17.0,192.0,174.1,2,2
17,2025-11-25,17,4496,25.0,179.8,174.1,1,1
17,2025-11-25,18,4840,25.5,189.8,174.1,2,2
17,2025-11-26,8,5439,25.0,217.6,174.1,7,7
17,2025-11-26,12,3110,17.0,182.9,174.1,1,1
17,2025-11-26,13,3171,17.0,186.5,174.1,2,2
17,2025-11-26,14,3264,17.0,192.0,174.1,2,2
17,2025-11-26,17,4496,25.0,179.8,174.1,1,1
17,2025-11-26,18,4840,25.5,189.8,174.1,2,2
17,2025-11-27,8,5439,25.0,217.6,174.1,7,7
17,2025-11-27,12,3110,17.0,182.9,174.1,1,1
17,2025-11-27,13,3171,17.0,186.5,174.1,2,2
17,2025-11-27,14,3264,17.0,192.0,174.1,2,2
17,2025-11-27,17,4496,25.0,179.8,174.1,1,1
17,2025-11-27,18,4840,25.5,189.8,174.1,2,2
17,2025-11-28,8,5049,25.0,202.0,174.1,5,5
17,2025-11-28,12,3015,17.0,177.4,174.1,1,1
17,2025-11-28,13,3083,17.0,181.4,174.1,1,1
17,2025-11-28,14,3170,17.0,186.5,174.1,2,2
17,2025-11-28,17,4473,25.0,178.9,174.1,1,1
17,2025-12-01,8,5291,25.0,211.6,174.1,6,6
17,2025-12-01,12,3019,17.0,177.6,174.1,1,1
17,2025-12-01,13,3079,17.0,181.1,174.1,1,1
17,2025-12-01,14,3165,17.0,186.2,174.1,2,2
17,2025-12-01,17,4377,25.0,175.1,174.1,1,1
17,2025-12-01,18,4733,25.5,185.6,174.1,2,2
17,2025-12-02,8,5437,25.0,217.5,174.1,7,7
17,2025-12-02,12,3102,17.0,182.5,174.1,1,1
17,2025-12-02,13,3164,17.0,186.1,174.1,2,2
17,2025-12-02,14,3252,17.0,191.3,174.1,2,2
17,2025-12-02,17,4498,25.0,179.9,174.1,1,1
17,2025-12-02,18,4864,25.5,190.7,174.1,2,2
17,2025-12-03,8,5437,25.0,217.5,174.1,7,7
17,2025-12-03,12,3102,17.0,182.5,174.1,1,1
17,2025-12-03,13,3164,17.0,186.1,174.1,2,2
17,2025-12-03,14,3252,17.0,191.3,174.1,2,2
17,2025-12-03,17,4498,25.0,179.9,174.1,1,1
17,2025-12-03,18,4864,25.5,190.7,174.1,2,2
17,2025-12-04,8,5437,25.0,217.5,174.1,7,7
17,2025-12-04,12,3102,17.0,182.5,174.1,1,1
17,2025-12-04,13,3164,17.0,186.1,174.1,2,2
17,2025-12-04,14,3252,17.0,191.3,174.1,2,2
17,2025-12-04,17,4498,25.0,179.9,174.1,1,1
17,2025-12-04,18,4864,25.5,190.7,174.1,2,2
17,2025-12-05,8,5048,25.0,201.9,174.1,5,5
17,2025-12-05,12,3019,17.0,177.6,174.1,1,1
17,2025-12-05,13,3083,17.0,181.4,174.1,1,1
17,2025-12-05,14,3174,17.0,186.7,174.1,2,2
17,2025-12-05,17,4463,25.0,178.5,174.1,1,1
17,2025-12-08,8,5291,25.0,211.6,174.1,6,6
17,2025-12-08,12,3019,17.0,177.6,174.1,1,1
17,2025-12-08,13,3079,17.0,181.1,174.1,1,1
17,2025-12-08,14,3165,17.0,186.2,174.1,2,2
17,2025-12-08,17,4377,25.0,175.1,174.1,1,1
17,2025-12-08,18,4733,25.5,185.6,174.1,2,2
17,2025-12-09,8,5437,25.0,217.5,174.1,7,7
17,2025-12-09,12,3102,17.0,182.5,174.1,1,1
17,2025-12-09,13,3164,17.0,186.1,174.1,2,2
17,2025-12-09,14,3252,17.0,191.3,174.1,2,2
17,2025-12-09,17,4498,25.0,179.9,174.1,1,1
17,2025-12-09,18,4864,25.5,190.7,174.1,2,2
17,2025-12-10,8,5437,25.0,217.5,174.1,7,7
17,2025-12-10,12,3102,17.0,182.5,174.1,1,1
17,2025-12-10,13,3164,17.0,186.1,174.1,2,2
17,2025-12-10,14,3252,17.0,191.3,174.1,2,2
17,2025-12-10,17,4498,25.0,179.9,174.1,1,1
17,2025-12-10,18,4864,25.5,190.7,174.1,2,2
17,2025-12-11,8,5437,25.0,217.5,174.1,7,7
17,2025-12-11,12,3102,17.0,182.5,174.1,1,1
17,2025-12-11,13,3164,17.0,186.1,174.1,2,2
17,2025-12-11,14,3252,17.0,191.3,174.1,2,2
17,2025-12-11,17,4498,25.0,179.9,174.1,1,1
17,2025-12-11,18,4864,25.5,190.7,174.1,2,2
17,2025-12-12,8,5048,25.0,201.9,174.1,5,5
17,2025-12-12,12,3019,17.0,177.6,174.1,1,1
17,2025-12-12,13,3083,17.0,181.4,174.1,1,1
17,2025-12-12,14,3174,17.0,186.7,174.1,2,2
17,2025-12-12,17,4463,25.0,178.5,174.1,1,1
17,2025-12-15,8,5291,25.0,211.6,174.1,6,6
17,2025-12-15,12,3019,17.0,177.6,174.1,1,1
17,2025-12-15,13,3079,17.0,181.1,174.1,1,1
17,2025-12-15,14,3165,17.0,186.2,174.1,2,2
17,2025-12-15,17,4377,25.0,175.1,174.1,1,1
17,2025-12-15,18,4733,25.5,185.6,174.1,2,2
17,2025-12-16,8,5437,25.0,217.5,174.1,7,7
17,2025-12-16,12,3102,17.0,182.5,174.1,1,1
17,2025-12-16,13,3164,17.0,186.1,174.1,2,2
17,2025-12-16,14,3252,17.0,191.3,174.1,2,2
17,2025-12-16,17,4498,25.0,179.9,174.1,1,1
17,2025-12-16,18,4864,25.5,190.7,174.1,2,2
17,2025-12-17,8,5437,25.0,217.5,174.1,7,7
17,2025-12-17,12,3102,17.0,182.5,174.1,1,1
17,2025-12-17,13,3164,17.0,186.1,174.1,2,2
17,2025-12-17,14,3252,17.0,191.3,174.1,2,2
17,2025-12-17,17,4498,25.0,179.9,174.1,1,1
17,2025-12-17,18,4864,25.5,190.7,174.1,2,2
17,2025-12-18,8,5437,25.0,217.5,174.1,7,7
17,2025-12-18,12,3102,17.0,182.5,174.1,1,1
17,2025-12-18,13,3164,17.0,186.1,174.1,2,2
17,2025-12-18,14,3252,17.0,191.3,174.1,2,2
17,2025-12-18,17,4498,25.0,179.9,174.1,1,1
17,2025-12-18,18,4864,25.5,190.7,174.1,2,2
17,2025-12-19,8,5048,25.0,201.9,174.1,5,5
17,2025-12-19,12,3019,17.0,177.6,174.1,1,1
17,2025-12-19,13,3083,17.0,181.4,174.1,1,1
17,2025-12-19,14,3174,17.0,186.7,174.1,2,2
17,2025-12-19,17,4463,25.0,178.5,174.1,1,1
17,2025-12-22,8,5291,25.0,211.6,174.1,6,6
17,2025-12-22,12,3019,17.0,177.6,174.1,1,1
17,2025-12-22,13,3079,17.0,181.1,174.1,1,1
17,2025-12-22,14,3165,17.0,186.2,174.1,2,2
17,2025-12-22,17,4377,25.0,175.1,174.1,1,1
17,2025-12-22,18,4733,25.5,185.6,174.1,2,2
17,2025-12-23,8,5437,25.0,217.5,174.1,7,7
17,2025-12-23,12,3102,17.0,182.5,174.1,1,1
17,2025-12-23,13,3164,17.0,186.1,174.1,2,2
17,2025-12-23,14,3252,17.0,191.3,174.1,2,2
17,2025-12-23,17,4498,25.0,179.9,174.1,1,1
17,2025-12-23,18,4864,25.5,190.7,174.1,2,2
17,2025-12-24,8,5437,25.0,217.5,174.1,7,7
17,2025-12-24,12,3102,17.0,182.5,174.1,1,1
17,2025-12-24,13,3164,17.0,186.1,174.1,2,2
17,2025-12-24,14,3252,17.0,191.3,174.1,2,2
17,2025-12-24,17,4498,25.0,179.9,174.1,1,1
17,2025-12-24,18,4864,25.5,190.7,174.1,2,2
17,2025-12-25,8,5437,25.0,217.5,174.1,7,7
17,2025-12-25,12,3102,17.0,182.5,174.1,1,1
17,2025-12-25,13,3164,17.0,186.1,174.1,2,2
17,2025-12-25,14,3252,17.0,191.3,174.1,2,2
17,2025-12-25,17,4498,25.0,179.9,174.1,1,1
17,2025-12-25,18,4864,25.5,190.7,174.1,2,2
17,2025-12-26,8,5048,25.0,201.9,174.1,5,5
17,2025-12-26,12,3019,17.0,177.6,174.1,1,1
17,2025-12-26,13,3083,17.0,181.4,174.1,1,1
17,2025-12-26,14,3174,17.0,186.7,174.1,2,2
17,2025-12-26,17,4463,25.0,178.5,174.1,1,1
17,2025-12-29,8,4762,25.0,190.5,174.1,3,3
17,2025-12-30,8,4621,25.0,184.8,174.1,2,2
25,2025-11-01,8,755,7.0,107.9,94.2,2,2
25,2025-11-01,16,715,6.0,119.2,94.2,2,2
25,2025-11-01,17,686,7.0,98.0,94.2,1,1
25,2025-11-02,15,615,6.0,102.5,94.2,1,1
25,2025-11-03,15,575,6.0,95.8,94.2,1,1
25,2025-11-04,15,575,6.0,95.8,94.2,1,1
25,2025-11-05,8,950,7.0,135.7,94.2,4,4
25,2025-11-05,16,732,6.0,122.0,94.2,2,2
25,2025-11-05,17,788,7.0,112.6,94.2,2,2
25,2025-11-05,18,822,7.0,117.4,94.2,2,2
25,2025-11-06,8,950,7.0,135.7,94.2,4,4
25,2025-11-06,16,732,6.0,122.0,94.2,2,2
25,2025-11-06,17,788,7.0,112.6,94.2,2,2
25,2025-11-06,18,822,7.0,117.4,94.2,2,2
25,2025-11-07,8,858,7.0,122.6,94.2,3,3
25,2025-11-07,15,615,6.0,102.5,94.2,1,1
25,2025-11-07,16,813,6.0,135.5,94.2,3,3
25,2025-11-07,17,779,7.0,111.3,94.2,2,2
25,2025-11-07,18,660,7.0,94.3,94.2,1,1
25,2025-11-08,13,574,6.0,95.7,94.2,1,1
25,2025-11-08,14,580,6.0,96.7,94.2,1,1
25,2025-11-08,15,678,6.0,113.0,94.2,2,2
25,2025-11-08,16,629,6.0,104.8,94.2,1,1
25,2025-11-09,15,615,6.0,102.5,94.2,1,1
25,2025-11-10,8,924,7.0,132.0,94.2,3,3
25,2025-11-10,16,712,6.0,118.7,94.2,2,2
25,2025-11-10,17,767,7.0,109.6,94.2,2,2
25,2025-11-10,18,800,7.0,114.3,94.2,2,2
25,2025-11-11,8,950,7.0,135.7,94.2,4,4
25,2025-11-11,16,732,6.0,122.0,94.2,2,2
25,2025-11-11,17,788,7.0,112.6,94.2,2,2
25,2025-11-11,18,822,7.0,117.4,94.2,2,2
25,2025-11-12,8,950,7.0,135.7,94.2,4,4
25,2025-11-12,16,732,6.0,122.0,94.2,2,2
25,2025-11-12,17,788,7.0,112.6,94.2,2,2
25,2025-11-12,18,822,7.0,117.4,94.2,2,2
25,2025-11-13,8,950,7.0,135.7,94.2,4,4
25,2025-11-13,16,732,6.0,122.0,94.2,2,2
25,2025-11-13,17,788,7.0,112.6,94.2,2,2
25,2025-11-13,18,822,7.0,117.4,94.2,2,2
25,2025-11-14,8,858,7.0,122.6,94.2,3,3
25,2025-11-14,15,615,6.0,102.5,94.2,1,1
25,2025-11-14,16,813,6.0,135.5,94.2,3,3
25,2025-11-14,17,779,7.0,111.3,94.2,2,2
25,2025-11-14,18,660,7.0,94.3,94.2,1,1
25,2025-11-15,13,574,6.0,95.7,94.2,1,1
25,2025-11-15,14,580,6.0,96.7,94.2,1,1
25,2025-11-15,15,678,6.0,113.0,94.2,2,2
25,2025-11-15,16,629,6.0,104.8,94.2,1,1
25,2025-11-16,15,615,6.0,102.5,94.2,1,1
25,2025-11-17,8,924,7.0,132.0,94.2,3,3
25,2025-11-17,16,712,6.0,118.7,94.2,2,2
25,2025-11-17,17,767,7.0,109.6,94.2,2,2
25,2025-11-17,18,800,7.0,114.3,94.2,2,2
25,2025-11-18,8,950,7.0,135.7,94.2,4,4
25,2025-11-18,16,732,6.0,122.0,94.2,2,2
25,2025-11-18,17,788,7.0,112.6,94.2,2,2
25,2025-11-18,18,822,7.0,117.4,94.2,2,2
25,2025-11-19,8,950,7.0,135.7,94.2,4,4
25,2025-11-19,16,732,6.0,122.0,94.2,2,2
25,2025-11-19,17,788,7.0,112.6,94.2,2,2
25,2025-11-19,18,822,7.0,117.4,94.2,2,2
25,2025-11-20,8,950,7.0,135.7,94.2,4,4
25,2025-11-20,16,732,6.0,122.0,94.2,2,2
25,2025-11-20,17,788,7.0,112.6,94.2,2,2
25,2025-11-20,18,822,7.0,117.4,94.2,2,2
25,2025-11-21,8,858,7.0,122.6,94.2,3,3
25,2025-11-21,15,615,6.0,102.5,94.2,1,1
25,2025-11-21,16,813,6.0,135.5,94.2,3,3
25,2025-11-21,17,779,7.0,111.3,94.2,2,2
25,2025-11-21,18,660,7.0,94.3,94.2,1,1
25,2025-11-22,13,574,6.0,95.7,94.2,1,1
25,2025-11-22,14,580,6.0,96.7,94.2,1,1
25,2025-11-22,15,678,6.0,113.0,94.2,2,2
25,2025-11-22,16,629,6.0,104.8,94.2,1,1
25,2025-11-23,15,615,6.0,102.5,94.2,1,1
25,2025-11-24,8,924,7.0,132.0,94.2,3,3
25,2025-11-24,16,712,6.0,118.7,94.2,2,2
25,2025-11-24,17,767,7.0,109.6,94.2,2,2
25,2025-11-24,18,800,7.0,114.3,94.2,2,2
25,2025-11-25,8,950,7.0,135.7,94.2,4,4
25,2025-11-25,16,732,6.0,122.0,94.2,2,2
25,2025-11-25,17,788,7.0,112.6,94.2,2,2
25,2025-11-25,18,822,7.0,117.4,94.2,2,2
25,2025-11-26,8,950,7.0,135.7,94.2,4,4
25,2025-11-26,16,732,6.0,122.0,94.2,2,2
25,2025-11-26,17,788,7.0,112.6,94.2,2,2
25,2025-11-26,18,822,7.0,117.4,94.2,2,2
25,2025-11-27,8,950,7.0,135.7,94.2,4,4
25,2025-11-27,16,732,6.0,122.0,94.2,2,2
25,2025-11-27,17,788,7.0,112.6,94.2,2,2
25,2025-11-27,18,822,7.0,117.4,94.2,2,2
25,2025-11-28,8,858,7.0,122.6,94.2,3,3
25,2025-11-28,15,615,6.0,102.5,94.2,1,1
25,2025-11-28,16,813,6.0,135.5,94.2,3,3
25,2025-11-28,17,779,7.0,111.3,94.2,2,2
25,2025-11-28,18,660,7.0,94.3,94.2,1,1
25,2025-11-29,13,574,6.0,95.7,94.2,1,1
25,2025-11-29,14,580,6.0,96.7,94.2,1,1
25,2025-11-29,15,678,6.0,113.0,94.2,2,2
25,2025-11-29,16,629,6.0,104.8,94.2,1,1
25,2025-11-30,15,615,6.0,102.5,94.2,1,1
25,2025-12-01,8,931,7.0,133.0,94.2,3,3
25,2025-12-01,16,718,6.0,119.7,94.2,2,2
25,2025-12-01,17,769,7.0,109.9,94.2,2,2
25,2025-12-01,18,808,7.0,115.4,94.2,2,2
25,2025-12-02,8,957,7.0,136.7,94.2,4,4
25,2025-12-02,16,738,6.0,123.0,94.2,2,2
25,2025-12-02,17,790,7.0,112.9,94.2,2,2
25,2025-12-02,18,831,7.0,118.7,94.2,2,2
25,2025-12-03,8,957,7.0,136.7,94.2,4,4
25,2025-12-03,16,738,6.0,123.0,94.2,2,2
25,2025-12-03,17,790,7.0,112.9,94.2,2,2
25,2025-12-03,18,831,7.0,118.7,94.2,2,2
25,2025-12-04,8,957,7.0,136.7,94.2,4,4
25,2025-12-04,16,738,6.0,123.0,94.2,2,2
25,2025-12-04,17,790,7.0,112.9,94.2,2,2
25,2025-12-04,18,831,7.0,118.7,94.2,2,2
25,2025-12-05,8,866,7.0,123.7,94.2,3,3
25,2025-12-05,15,613,6.0,102.2,94.2,1,1
25,2025-12-05,16,815,6.0,135.8,94.2,3,3
25,2025-12-05,17,787,7.0,112.4,94.2,2,2
25,2025-12-05,18,661,7.0,94.4,94.2,1,1
25,2025-12-06,15,660,6.0,110.0,94.2,2,2
25,2025-12-06,16,611,6.0,101.8,94.2,1,1
25,2025-12-07,15,601,6.0,100.2,94.2,1,1
25,2025-12-08,8,931,7.0,133.0,94.2,3,3
25,2025-12-08,16,718,6.0,119.7,94.2,2,2
25,2025-12-08,17,769,7.0,109.9,94.2,2,2
25,2025-12-08,18,808,7.0,115.4,94.2,2,2
25,2025-12-09,8,957,7.0,136.7,94.2,4,4
25,2025-12-09,16,738,6.0,123.0,94.2,2,2
25,2025-12-09,17,790,7.0,112.9,94.2,2,2
25,2025-12-09,18,831,7.0,118.7,94.2,2,2
25,2025-12-10,8,957,7.0,136.7,94.2,4,4
25,2025-12-10,16,738,6.0,123.0,94.2,2,2
25,2025-12-10,17,790,7.0,112.9,94.2,2,2
25,2025-12-10,18,831,7.0,118.7,94.2,2,2
25,2025-12-11,8,957,7.0,136.7,94.2,4,4
25,2025-12-11,16,738,6.0,123.0,94.2,2,2
25,2025-12-11,17,790,7.0,112.9,94.2,2,2
25,2025-12-11,18,831,7.0,118.7,94.2,2,2
25,2025-12-12,8,866,7.0,123.7,94.2,3,3
25,2025-12-12,15,613,6.0,102.2,94.2,1,1
25,2025-12-12,16,815,6.0,135.8,94.2,3,3
25,2025-12-12,17,787,7.0,112.4,94.2,2,2
25,2025-12-12,18,661,7.0,94.4,94.2,1,1
25,2025-12-13,15,660,6.0,110.0,94.2,2,2
25,2025-12-13,16,611,6.0,101.8,94.2,1,1
25,2025-12-14,15,601,6.0,100.2,94.2,1,1
25,2025-12-15,8,931,7.0,133.0,94.2,3,3
25,2025-12-15,16,718,6.0,119.7,94.2,2,2
25,2025-12-15,17,769,7.0,109.9,94.2,2,2
25,2025-12-15,18,808,7.0,115.4,94.2,2,2
25,2025-12-16,8,957,7.0,136.7,94.2,4,4
25,2025-12-16,16,738,6.0,123.0,94.2,2,2
25,2025-12-16,17,790,7.0,112.9,94.2,2,2
25,2025-12-16,18,831,7.0,118.7,94.2,2,2
25,2025-12-17,8,957,7.0,136.7,94.2,4,4
25,2025-12-17,16,738,6.0,123.0,94.2,2,2
25,2025-12-17,17,790,7.0,112.9,94.2,2,2
25,2025-12-17,18,831,7.0,118.7,94.2,2,2
25,2025-12-18,8,957,7.0,136.7,94.2,4,4
25,2025-12-18,16,738,6.0,123.0,94.2,2,2
25,2025-12-18,17,790,7.0,112.9,94.2,2,2
25,2025-12-18,18,831,7.0,118.7,94.2,2,2
25,2025-12-19,8,866,7.0,123.7,94.2,3,3
25,2025-12-19,15,613,6.0,102.2,94.2,1,1
25,2025-12-19,16,815,6.0,135.8,94.2,3,3
25,2025-12-19,17,787,7.0,112.4,94.2,2,2
25,2025-12-19,18,661,7.0,94.4,94.2,1,1
25,2025-12-20,15,660,6.0,110.0,94.2,2,2
25,2025-12-20,16,611,6.0,101.8,94.2,1,1
25,2025-12-21,15,601,6.0,100.2,94.2,1,1
25,2025-12-22,8,931,7.0,133.0,94.2,3,3
25,2025-12-22,16,718,6.0,119.7,94.2,2,2
25,2025-12-22,17,769,7.0,109.9,94.2,2,2
25,2025-12-22,18,808,7.0,115.4,94.2,2,2
25,2025-12-23,8,957,7.0,136.7,94.2,4,4
25,2025-12-23,16,738,6.0,123.0,94.2,2,2
25,2025-12-23,17,790,7.0,112.9,94.2,2,2
25,2025-12-23,18,831,7.0,118.7,94.2,2,2
25,2025-12-24,8,957,7.0,136.7,94.2,4,4
25,2025-12-24,16,738,6.0,123.0,94.2,2,2
25,2025-12-24,17,790,7.0,112.9,94.2,2,2
25,2025-12-24,18,831,7.0,118.7,94.2,2,2
25,2025-12-25,8,957,7.0,136.7,94.2,4,4
25,2025-12-25,16,738,6.0,123.0,94.2,2,2
25,2025-12-25,17,790,7.0,112.9,94.2,2,2
25,2025-12-25,18,831,7.0,118.7,94.2,2,2
25,2025-12-26,8,866,7.0,123.7,94.2,3,3
25,2025-12-26,15,613,6.0,102.2,94.2,1,1
25,2025-12-26,16,815,6.0,135.8,94.2,3,3
25,2025-12-26,17,787,7.0,112.4,94.2,2,2
25,2025-12-26,18,661,7.0,94.4,94.2,1,1
25,2025-12-27,15,660,6.0,110.0,94.2,2,2
25,2025-12-27,16,611,6.0,101.8,94.2,1,1
25,2025-12-28,15,601,6.0,100.2,94.2,1,1
25,2025-12-29,8,838,7.0,119.7,94.2,2,2
25,2025-12-29,16,646,6.0,107.7,94.2,1,1
25,2025-12-29,17,692,7.0,98.9,94.2,1,1
25,2025-12-29,18,727,7.0,103.9,94.2,1,1
25,2025-12-30,8,813,7.0,116.1,94.2,2,2
25,2025-12-30,16,627,6.0,104.5,94.2,1,1
25,2025-12-30,17,671,7.0,95.9,94.2,1,1
25,2025-12-30,18,706,7.0,100.9,94.2,1,1
26,2025-11-01,8,1924,13.0,148.0,115.3,4,4
26,2025-11-01,14,1180,10.0,118.0,115.3,1,1
26,2025-11-01,16,1552,13.0,119.4,115.3,1,1
26,2025-11-01,17,1581,13.0,121.6,115.3,1,1
26,2025-11-05,8,2272,13.0,174.8,115.3,7,7
26,2025-11-05,9,1521,13.0,117.0,115.3,1,1
26,2025-11-05,12,1219,10.0,121.9,115.3,1,1
26,2025-11-05,13,1258,10.0,125.8,115.3,1,1
26,2025-11-05,14,1330,10.0,133.0,115.3,2,2
26,2025-11-05,15,1432,12.0,119.3,115.3,1,1
26,2025-11-05,16,1584,13.0,121.8,115.3,1,1
26,2025-11-05,17,1749,13.0,134.5,115.3,3,3
26,2025-11-05,18,1948,13.0,149.8,115.3,4,4
26,2025-11-06,8,2272,13.0,174.8,115.3,7,7
26,2025-11-06,9,1521,13.0,117.0,115.3,1,1
26,2025-11-06,12,1219,10.0,121.9,115.3,1,1
26,2025-11-06,13,1258,10.0,125.8,115.3,1,1
26,2025-11-06,14,1330,10.0,133.0,115.3,2,2
26,2025-11-06,15,1432,12.0,119.3,115.3,1,1
26,2025-11-06,16,1584,13.0,121.8,115.3,1,1
26,2025-11-06,17,1749,13.0,134.5,115.3,3,3
26,2025-11-06,18,1948,13.0,149.8,115.3,4,4
26,2025-11-07,8,2187,13.0,168.2,115.3,6,6
26,2025-11-07,12,1203,10.0,120.3,115.3,1,1
26,2025-11-07,13,1248,10.0,124.8,115.3,1,1
26,2025-11-07,14,1341,10.0,134.1,115.3,2,2
26,2025-11-07,15,1483,12.0,123.6,115.3,1,1
26,2025-11-07,16,1764,13.0,135.7,115.3,3,3
26,2025-11-07,17,1797,13.0,138.2,115.3,3,3
26,2025-11-10,8,2211,13.0,170.1,115.3,7,7
26,2025-11-10,12,1186,10.0,118.6,115.3,1,1
26,2025-11-10,13,1225,10.0,122.5,115.3,1,1
26,2025-11-10,14,1294,10.0,129.4,115.3,2,2
26,2025-11-10,15,1394,12.0,116.2,115.3,1,1
26,2025-11-10,16,1542,13.0,118.6,115.3,1,1
26,2025-11-10,17,1702,13.0,130.9,115.3,2,2
26,2025-11-10,18,1895,13.0,145.8,115.3,4,4
26,2025-11-11,8,2272,13.0,174.8,115.3,7,7
26,2025-11-11,9,1521,13.0,117.0,115.3,1,1
26,2025-11-11,12,1219,10.0,121.9,115.3,1,1
26,2025-11-11,13,1258,10.0,125.8,115.3,1,1
26,2025-11-11,14,1330,10.0,133.0,115.3,2,2
26,2025-11-11,15,1432,12.0,119.3,115.3,1,1
26,2025-11-11,16,1584,13.0,121.8,115.3,1,1
26,2025-11-11,17,1749,13.0,134.5,115.3,3,3
26,2025-11-11,18,1948,13.0,149.8,115.3,4,4
26,2025-11-12,8,2272,13.0,174.8,115.3,7,7
26,2025-11-12,9,1521,13.0,117.0,115.3,1,1
26,2025-11-12,12,1219,10.0,121.9,115.3,1,1
26,2025-11-12,13,1258,10.0,125.8,115.3,1,1
26,2025-11-12,14,1330,10.0,133.0,115.3,2,2
26,2025-11-12,15,1432,12.0,119.3,115.3,1,1
26,2025-11-12,16,1584,13.0,121.8,115.3,1,1
26,2025-11-12,17,1749,13.0,134.5,115.3,3,3
26,2025-11-12,18,1948,13.0,149.8,115.3,4,4
26,2025-11-13,8,2272,13.0,174.8,115.3,7,7
26,2025-11-13,9,1521,13.0,117.0,115.3,1,1
26,2025-11-13,12,1219,10.0,121.9,115.3,1,1
26,2025-11-13,13,1258,10.0,125.8,115.3,1,1
26,2025-11-13,14,1330,10.0,133.0,115.3,2,2
26,2025-11-13,15,1432,12.0,119.3,115.3,1,1
26,2025-11-13,16,1584,13.0,121.8,115.3,1,1
26,2025-11-13,17,1749,13.0,134.5,115.3,3,3
26,2025-11-13,18,1948,13.0,149.8,115.3,4,4
26,2025-11-14,8,2187,13.0,168.2,115.3,6,6
26,2025-11-14,12,1203,10.0,120.3,115.3,1,1
26,2025-11-14,13,1248,10.0,124.8,115.3,1,1
26,2025-11-14,14,1341,10.0,134.1,115.3,2,2
26,2025-11-14,15,1483,12.0,123.6,115.3,1,1
26,2025-11-14,16,1764,13.0,135.7,115.3,3,3
26,2025-11-14,17,1797,13.0,138.2,115.3,3,3
26,2025-11-17,8,2211,13.0,170.1,115.3,7,7
26,2025-11-17,12,1186,10.0,118.6,115.3,1,1
26,2025-11-17,13,1225,10.0,122.5,115.3,1,1
26,2025-11-17,14,1294,10.0,129.4,115.3,2,2
26,2025-11-17,15,1394,12.0,116.2,115.3,1,1
26,2025-11-17,16,1542,13.0,118.6,115.3,1,1
26,2025-11-17,17,1702,13.0,130.9,115.3,2,2
26,2025-11-17,18,1895,13.0,145.8,115.3,4,4
26,2025-11-18,8,2272,13.0,174.8,115.3,7,7
26,2025-11-18,9,1521,13.0,117.0,115.3,1,1
26,2025-11-18,12,1219,10.0,121.9,115.3,1,1
26,2025-11-18,13,1258,10.0,125.8,115.3,1,1
26,2025-11-18,14,1330,10.0,133.0,115.3,2,2
26,2025-11-18,15,1432,12.0,119.3,115.3,1,1
26,2025-11-18,16,1584,13.0,121.8,115.3,1,1
26,2025-11-18,17,1749,13.0,134.5,115.3,3,3
26,2025-11-18,18,1948,13.0,149.8,115.3,4,4
26,2025-11-19,8,2272,13.0,174.8,115.3,7,7
26,2025-11-19,9,1521,13.0,117.0,115.3,1,1
26,2025-11-19,12,1219,10.0,121.9,115.3,1,1
26,2025-11-19,13,1258,10.0,125.8,115.3,1,1
26,2025-11-19,14,1330,10.0,133.0,115.3,2,2
26,2025-11-19,15,1432,12.0,119.3,115.3,1,1
26,2025-11-19,16,1584,13.0,121.8,115.3,1,1
26,2025-11-19,17,1749,13.0,134.5,115.3,3,3
26,2025-11-19,18,1948,13.0,149.8,115.3,4,4
26,2025-11-20,8,2272,13.0,174.8,115.3,7,7
26,2025-11-20,9,1521,13.0,117.0,115.3,1,1
26,2025-11-20,12,1219,10.0,121.9,115.3,1,1
26,2025-11-20,13,1258,10.0,125.8,115.3,1,1
26,2025-11-20,14,1330,10.0,133.0,115.3,2,2
26,2025-11-20,15,1432,12.0,119.3,115.3,1,1
26,2025-11-20,16,1584,13.0,121.8,115.3,1,1
26,2025-11-20,17,1749,13.0,134.5,115.3,3,3
26,2025-11-20,18,1948,13.0,149.8,115.3,4,4
26,2025-11-21,8,2187,13.0,168.2,115.3,6,6
26,2025-11-21,12,1203,10.0,120.3,115.3,1,1
26,2025-11-21,13,1248,10.0,124.8,115.3,1,1
26,2025-11-21,14,1341,10.0,134.1,115.3,2,2
26,2025-11-21,15,1483,12.0,123.6,115.3,1,1
26,2025-11-21,16,1764,13.0,135.7,115.3,3,3
26,2025-11-21,17,1797,13.0,138.2,115.3,3,3
26,2025-11-24,8,2211,13.0,170.1,115.3,7,7
26,2025-11-24,12,1186,10.0,118.6,115.3,1,1
26,2025-11-24,13,1225,10.0,122.5,115.3,1,1
26,2025-11-24,14,1294,10.0,129.4,115.3,2,2
26,2025-11-24,15,1394,12.0,116.2,115.3,1,1
26,2025-11-24,16,1542,13.0,118.6,115.3,1,1
26,2025-11-24,17,1702,13.0,130.9,115.3,2,2
26,2025-11-24,18,1895,13.0,145.8,115.3,4,4
26,2025-11-25,8,2272,13.0,174.8,115.3,7,7
26,2025-11-25,9,1521,13.0,117.0,115.3,1,1
26,2025-11-25,12,1219,10.0,121.9,115.3,1,1
26,2025-11-25,13,1258,10.0,125.8,115.3,1,1
26,2025-11-25,14,1330,10.0,133.0,115.3,2,2
26,2025-11-25,15,1432,12.0,119.3,115.3,1,1
26,2025-11-25,16,1584,13.0,121.8,115.3,1,1
26,2025-11-25,17,1749,13.0,134.5,115.3,3,3
26,2025-11-25,18,1948,13.0,149.8,115.3,4,4
26,2025-11-26,8,2272,13.0,174.8,115.3,7,7
26,2025-11-26,9,1521,13.0,117.0,115.3,1,1
26,2025-11-26,12,1219,10.0,121.9,115.3,1,1
26,2025-11-26,13,1258,10.0,125.8,115.3,1,1
26,2025-11-26,14,1330,10.0,133.0,115.3,2,2
26,2025-11-26,15,1432,12.0,119.3,115.3,1,1
26,2025-11-26,16,1584,13.0,121.8,115.3,1,1
26,2025-11-26,17,1749,13.0,134.5,115.3,3,3
26,2025-11-26,18,1948,13.0,149.8,115.3,4,4
26,2025-11-27,8,2272,13.0,174.8,115.3,7,7
26,2025-11-27,9,1521,13.0,117.0,115.3,1,1
26,2025-11-27,12,1219,10.0,121.9,115.3,1,1
26,2025-11-27,13,1258,10.0,125.8,115.3,1,1
26,2025-11-27,14,1330,10.0,133.0,115.3,2,2
26,2025-11-27,15,1432,12.0,119.3,115.3,1,1
26,2025-11-27,16,1584,13.0,121.8,115.3,1,1
26,2025-11-27,17,1749,13.0,134.5,115.3,3,3
26,2025-11-27,18,1948,13.0,149.8,115.3,4,4
26,2025-11-28,8,2187,13.0,168.2,115.3,6,6
26,2025-11-28,12,1203,10.0,120.3,115.3,1,1
26,2025-11-28,13,1248,10.0,124.8,115.3,1,1
26,2025-11-28,14,1341,10.0,134.1,115.3,2,2
26,2025-11-28,15,1483,12.0,123.6,115.3,1,1
26,2025-11-28,16,1764,13.0,135.7,115.3,3,3
26,2025-11-28,17,1797,13.0,138.2,115.3,3,3
26,2025-12-01,8,2198,13.0,169.1,115.3,7,7
26,2025-12-01,12,1184,10.0,118.4,115.3,1,1
26,2025-12-01,13,1228,10.0,122.8,115.3,1,1
26,2025-12-01,14,1279,10.0,127.9,115.3,2,2
26,2025-12-01,15,1388,12.0,115.7,115.3,1,1
26,2025-12-01,16,1546,13.0,118.9,115.3,1,1
26,2025-12-01,17,1702,13.0,130.9,115.3,2,2
26,2025-12-01,18,1900,13.0,146.2,115.3,4,4
26,2025-12-02,8,2259,13.0,173.8,115.3,7,7
26,2025-12-02,9,1523,13.0,117.2,115.3,1,1
26,2025-12-02,12,1217,10.0,121.7,115.3,1,1
26,2025-12-02,13,1261,10.0,126.1,115.3,1,1
26,2025-12-02,14,1314,10.0,131.4,115.3,2,2
26,2025-12-02,15,1426,12.0,118.8,115.3,1,1
26,2025-12-02,16,1589,13.0,122.2,115.3,1,1
26,2025-12-02,17,1749,13.0,134.5,115.3,3,3
26,2025-12-02,18,1953,13.0,150.2,115.3,4,4
26,2025-12-03,8,2259,13.0,173.8,115.3,7,7
26,2025-12-03,9,1523,13.0,117.2,115.3,1,1
26,2025-12-03,12,1217,10.0,121.7,115.3,1,1
26,2025-12-03,13,1261,10.0,126.1,115.3,1,1
26,2025-12-03,14,1314,10.0,131.4,115.3,2,2
26,2025-12-03,15,1426,12.0,118.8,115.3,1,1
26,2025-12-03,16,1589,13.0,122.2,115.3,1,1
26,2025-12-03,17,1749,13.0,134.5,115.3,3,3
26,2025-12-03,18,1953,13.0,150.2,115.3,4,4
26,2025-12-04,8,2259,13.0,173.8,115.3,7,7
26,2025-12-04,9,1523,13.0,117.2,115.3,1,1
26,2025-12-04,12,1217,10.0,121.7,115.3,1,1
26,2025-12-04,13,1261,10.0,126.1,115.3,1,1
26,2025-12-04,14,1314,10.0,131.4,115.3,2,2
26,2025-12-04,15,1426,12.0,118.8,115.3,1,1
26,2025-12-04,16,1589,13.0,122.2,115.3,1,1
26,2025-12-04,17,1749,13.0,134.5,115.3,3,3
26,2025-12-04,18,1953,13.0,150.2,115.3,4,4
26,2025-12-05,8,2163,13.0,166.4,115.3,6,6
26,2025-12-05,12,1206,10.0,120.6,115.3,1,1
26,2025-12-05,13,1254,10.0,125.4,115.3,1,1
26,2025-12-05,14,1317,10.0,131.7,115.3,2,2
26,2025-12-05,15,1490,12.0,124.2,115.3,1,1
26,2025-12-05,16,1763,13.0,135.6,115.3,3,3
26,2025-12-05,17,1790,13.0,137.7,115.3,3,3
26,2025-12-08,8,2198,13.0,169.1,115.3,7,7
26,2025-12-08,12,1184,10.0,118.4,115.3,1,1
26,2025-12-08,13,1228,10.0,122.8,115.3,1,1
26,2025-12-08,14,1279,10.0,127.9,115.3,2,2
26,2025-12-08,15,1388,12.0,115.7,115.3,1,1
26,2025-12-08,16,1546,13.0,118.9,115.3,1,1
26,2025-12-08,17,1702,13.0,130.9,115.3,2,2
26,2025-12-08,18,1900,13.0,146.2,115.3,4,4
26,2025-12-09,8,2259,13.0,173.8,115.3,7,7
26,2025-12-09,9,1523,13.0,117.2,115.3,1,1
26,2025-12-09,12,1217,10.0,121.7,115.3,1,1
26,2025-12-09,13,1261,10.0,126.1,115.3,1,1
26,2025-12-09,14,1314,10.0,131.4,115.3,2,2
26,2025-12-09,15,1426,12.0,118.8,115.3,1,1
26,2025-12-09,16,1589,13.0,122.2,115.3,1,1
26,2025-12-09,17,1749,13.0,134.5,115.3,3,3
26,2025-12-09,18,1953,13.0,150.2,115.3,4,4
26,2025-12-10,8,2259,13.0,173.8,115.3,7,7
26,2025-12-10,9,1523,13.0,117.2,115.3,1,1
26,2025-12-10,12,1217,10.0,121.7,115.3,1,1
26,2025-12-10,13,1261,10.0,126.1,115.3,1,1
26,2025-12-10,14,1314,10.0,131.4,115.3,2,2
26,2025-12-10,15,1426,12.0,118.8,115.3,1,1
26,2025-12-10,16,1589,13.0,122.2,115.3,1,1
26,2025-12-10,17,1749,13.0,134.5,115.3,3,3
26,2025-12-10,18,1953,13.0,150.2,115.3,4,4
26,2025-12-11,8,2259,13.0,173.8,115.3,7,7
26,2025-12-11,9,1523,13.0,117.2,115.3,1,1
26,2025-12-11,12,1217,10.0,121.7,115.3,1,1
26,2025-12-11,13,1261,10.0,126.1,115.3,1,1
26,2025-12-11,14,1314,10.0,131.4,115.3,2,2
26,2025-12-11,15,1426,12.0,118.8,115.3,1,1
26,2025-12-11,16,1589,13.0,122.2,115.3,1,1
26,2025-12-11,17,1749,13.0,134.5,115.3,3,3
26,2025-12-11,18,1953,13.0,150.2,115.3,4,4
26,2025-12-12,8,2163,13.0,166.4,115.3,6,6
26,2025-12-12,12,1206,10.0,120.6,115.3,1,1
26,2025-12-12,13,1254,10.0,125.4,115.3,1,1
26,2025-12-12,14,1317,10.0,131.7,115.3,2,2
26,2025-12-12,15,1490,12.0,124.2,115.3,1,1
26,2025-12-12,16,1763,13.0,135.6,115.3,3,3
26,2025-12-12,17,1790,13.0,137.7,115.3,3,3
26,2025-12-15,8,2198,13.0,169.1,115.3,7,7
26,2025-12-15,12,1184,10.0,118.4,115.3,1,1
26,2025-12-15,13,1228,10.0,122.8,115.3,1,1
26,2025-12-15,14,1279,10.0,127.9,115.3,2,2
26,2025-12-15,15,1388,12.0,115.7,115.3,1,1
26,2025-12-15,16,1546,13.0,118.9,115.3,1,1
26,2025-12-15,17,1702,13.0,130.9,115.3,2,2
26,2025-12-15,18,1900,13.0,146.2,115.3,4,4
26,2025-12-16,8,2259,13.0,173.8,115.3,7,7
26,2025-12-16,9,1523,13.0,117.2,115.3,1,1
26,2025-12-16,12,1217,10.0,121.7,115.3,1,1
26,2025-12-16,13,1261,10.0,126.1,115.3,1,1
26,2025-12-16,14,1314,10.0,131.4,115.3,2,2
26,2025-12-16,15,1426,12.0,118.8,115.3,1,1
26,2025-12-16,16,1589,13.0,122.2,115.3,1,1
26,2025-12-16,17,1749,13.0,134.5,115.3,3,3
26,2025-12-16,18,1953,13.0,150.2,115.3,4,4
26,2025-12-17,8,2259,13.0,173.8,115.3,7,7
26,2025-12-17,9,1523,13.0,117.2,115.3,1,1
26,2025-12-17,12,1217,10.0,121.7,115.3,1,1
26,2025-12-17,13,1261,10.0,126.1,115.3,1,1
26,2025-12-17,14,1314,10.0,131.4,115.3,2,2
26,2025-12-17,15,1426,12.0,118.8,115.3,1,1
26,2025-12-17,16,1589,13.0,122.2,115.3,1,1
26,2025-12-17,17,1749,13.0,134.5,115.3,3,3
26,2025-12-17,18,1953,13.0,150.2,115.3,4,4
26,2025-12-18,8,2259,13.0,173.8,115.3,7,7
26,2025-12-18,9,1523,13.0,117.2,115.3,1,1
26,2025-12-18,12,1217,10.0,121.7,115.3,1,1
26,2025-12-18,13,1261,10.0,126.1,115.3,1,1
26,2025-12-18,14,1314,10.0,131.4,115.3,2,2
26,2025-12-18,15,1426,12.0,118.8,115.3,1,1
26,2025-12-18,16,1589,13.0,122.2,115.3,1,1
26,2025-12-18,17,1749,13.0,134.5,115.3,3,3
26,2025-12-18,18,1953,13.0,150.2,115.3,4,4
26,2025-12-19,8,2163,13.0,166.4,115.3,6,6
26,2025-12-19,12,1206,10.0,120.6,115.3,1,1
26,2025-12-19,13,1254,10.0,125.4,115.3,1,1
26,2025-12-19,14,1317,10.0,131.7,115.3,2,2
26,2025-12-19,15,1490,12.0,124.2,115.3,1,1
26,2025-12-19,16,1763,13.0,135.6,115.3,3,3
26,2025-12-19,17,1790,13.0,137.7,115.3,3,3
26,2025-12-22,8,2198,13.0,169.1,115.3,7,7
26,2025-12-22,12,1184,10.0,118.4,115.3,1,1
26,2025-12-22,13,1228,10.0,122.8,115.3,1,1
26,2025-12-22,14,1279,10.0,127.9,115.3,2,2
26,2025-12-22,15,1388,12.0,115.7,115.3,1,1
26,2025-12-22,16,1546,13.0,118.9,115.3,1,1
26,2025-12-22,17,1702,13.0,130.9,115.3,2,2
26,2025-12-22,18,1900,13.0,146.2,115.3,4,4
26,2025-12-23,8,2259,13.0,173.8,115.3,7,7
26,2025-12-23,9,1523,13.0,117.2,115.3,1,1
26,2025-12-23,12,1217,10.0,121.7,115.3,1,1
26,2025-12-23,13,1261,10.0,126.1,115.3,1,1
26,2025-12-23,14,1314,10.0,131.4,115.3,2,2
26,2025-12-23,15,1426,12.0,118.8,115.3,1,1
26,2025-12-23,16,1589,13.0,122.2,115.3,1,1
26,2025-12-23,17,1749,13.0,134.5,115.3,3,3
26,2025-12-23,18,1953,13.0,150.2,115.3,4,4
26,2025-12-24,8,2259,13.0,173.8,115.3,7,7
26,2025-12-24,9,1523,13.0,117.2,115.3,1,1
26,2025-12-24,12,1217,10.0,121.7,115.3,1,1
26,2025-12-24,13,1261,10.0,126.1,115.3,1,1
26,2025-12-24,14,1314,10.0,131.4,115.3,2,2
26,2025-12-24,15,1426,12.0,118.8,115.3,1,1
26,2025-12-24,16,1589,13.0,122.2,115.3,1,1
26,2025-12-24,17,1749,13.0,134.5,115.3,3,3
26,2025-12-24,18,1953,13.0,150.2,115.3,4,4
26,2025-12-25,8,2259,13.0,173.8,115.3,7,7
26,2025-12-25,9,1523,13.0,117.2,115.3,1,1
26,2025-12-25,12,1217,10.0,121.7,115.3,1,1
26,2025-12-25,13,1261,10.0,126.1,115.3,1,1
26,2025-12-25,14,1314,10.0,131.4,115.3,2,2
26,2025-12-25,15,1426,12.0,118.8,115.3,1,1
26,2025-12-25,16,1589,13.0,122.2,115.3,1,1
26,2025-12-25,17,1749,13.0,134.5,115.3,3,3
26,2025-12-25,18,1953,13.0,150.2,115.3,4,4
26,2025-12-26,8,2163,13.0,166.4,115.3,6,6
26,2025-12-26,12,1206,10.0,120.6,115.3,1,1
26,2025-12-26,13,1254,10.0,125.4,115.3,1,1
26,2025-12-26,14,1317,10.0,131.7,115.3,2,2
26,2025-12-26,15,1490,12.0,124.2,115.3,1,1
26,2025-12-26,16,1763,13.0,135.6,115.3,3,3
26,2025-12-26,17,1790,13.0,137.7,115.3,3,3
26,2025-12-29,8,1979,13.0,152.2,115.3,5,5
26,2025-12-29,17,1532,13.0,117.8,115.3,1,1
26,2025-12-29,18,1710,13.0,131.5,115.3,2,2
26,2025-12-30,8,1920,13.0,147.7,115.3,4,4
26,2025-12-30,18,1660,13.0,127.7,115.3,2,2
28,2025-11-01,8,1133,8.0,141.6,123.5,2,2
28,2025-11-05,8,1349,8.0,168.6,123.5,3,3
28,2025-11-05,15,750,6.0,125.0,123.5,1,1
28,2025-11-05,17,1071,8.0,133.9,123.5,1,1
28,2025-11-05,18,1053,8.0,131.6,123.5,1,1
28,2025-11-06,8,1349,8.0,168.6,123.5,3,3
28,2025-11-06,15,750,6.0,125.0,123.5,1,1
28,2025-11-06,17,1071,8.0,133.9,123.5,1,1
28,2025-11-06,18,1053,8.0,131.6,123.5,1,1
28,2025-11-07,8,1288,8.0,161.0,123.5,3,3
28,2025-11-07,14,757,6.0,126.2,123.5,1,1
28,2025-11-07,15,776,6.0,129.3,123.5,1,1
28,2025-11-07,16,1051,8.0,131.4,123.5,1,1
28,2025-11-07,17,1026,8.0,128.2,123.5,1,1
28,2025-11-10,8,1313,8.0,164.1,123.5,3,3
28,2025-11-10,17,1043,8.0,130.4,123.5,1,1
28,2025-11-10,18,1024,8.0,128.0,123.5,1,1
28,2025-11-11,8,1349,8.0,168.6,123.5,3,3
28,2025-11-11,15,750,6.0,125.0,123.5,1,1
28,2025-11-11,17,1071,8.0,133.9,123.5,1,1
28,2025-11-11,18,1053,8.0,131.6,123.5,1,1
28,2025-11-12,8,1349,8.0,168.6,123.5,3,3
28,2025-11-12,15,750,6.0,125.0,123.5,1,1
28,2025-11-12,17,1071,8.0,133.9,123.5,1,1
28,2025-11-12,18,1053,8.0,131.6,123.5,1,1
28,2025-11-13,8,1349,8.0,168.6,123.5,3,3
28,2025-11-13,15,750,6.0,125.0,123.5,1,1
28,2025-11-13,17,1071,8.0,133.9,123.5,1,1
28,2025-11-13,18,1053,8.0,131.6,123.5,1,1
28,2025-11-14,8,1288,8.0,161.0,123.5,3,3
28,2025-11-14,14,757,6.0,126.2,123.5,1,1
28,2025-11-14,15,776,6.0,129.3,123.5,1,1
28,2025-11-14,16,1051,8.0,131.4,123.5,1,1
28,2025-11-14,17,1026,8.0,128.2,123.5,1,1
28,2025-11-17,8,1313,8.0,164.1,123.5,3,3
28,2025-11-17,17,1043,8.0,130.4,123.5,1,1
28,2025-11-17,18,1024,8.0,128.0,123.5,1,1
28,2025-11-18,8,1349,8.0,168.6,123.5,3,3
28,2025-11-18,15,750,6.0,125.0,123.5,1,1
28,2025-11-18,17,1071,8.0,133.9,123.5,1,1
28,2025-11-18,18,1053,8.0,131.6,123.5,1,1
28,2025-11-19,8,1349,8.0,168.6,123.5,3,3
28,2025-11-19,15,750,6.0,125.0,123.5,1,1
28,2025-11-19,17,1071,8.0,133.9,123.5,1,1
28,2025-11-19,18,1053,8.0,131.6,123.5,1,1
28,2025-11-20,8,1349,8.0,168.6,123.5,3,3
28,2025-11-20,15,750,6.0,125.0,123.5,1,1
28,2025-11-20,17,1071,8.0,133.9,123.5,1,1
28,2025-11-20,18,1053,8.0,131.6,123.5,1,1
28,2025-11-21,8,1288,8.0,161.0,123.5,3,3
28,2025-11-21,14,757,6.0,126.2,123.5,1,1
28,2025-11-21,15,776,6.0,129.3,123.5,1,1
28,2025-11-21,16,1051,8.0,131.4,123.5,1,1
28,2025-11-21,17,1026,8.0,128.2,123.5,1,1
28,2025-11-24,8,1313,8.0,164.1,123.5,3,3
28,2025-11-24,17,1043,8.0,130.4,123.5,1,1
28,2025-11-24,18,1024,8.0,128.0,123.5,1,1
28,2025-11-25,8,1349,8.0,168.6,123.5,3,3
28,2025-11-25,15,750,6.0,125.0,123.5,1,1
28,2025-11-25,17,1071,8.0,133.9,123.5,1,1
28,2025-11-25,18,1053,8.0,131.6,123.5,1,1
28,2025-11-26,8,1349,8.0,168.6,123.5,3,3
28,2025-11-26,15,750,6.0,125.0,123.5,1,1
28,2025-11-26,17,1071,8.0,133.9,123.5,1,1
28,2025-11-26,18,1053,8.0,131.6,123.5,1,1
28,2025-11-27,8,1349,8.0,168.6,123.5,3,3
28,2025-11-27,15,750,6.0,125.0,123.5,1,1
28,2025-11-27,17,1071,8.0,133.9,123.5,1,1
28,2025-11-27,18,1053,8.0,131.6,123.5,1,1
28,2025-11-28,8,1288,8.0,161.0,123.5,3,3
28,2025-11-28,14,757,6.0,126.2,123.5,1,1
28,2025-11-28,15,776,6.0,129.3,123.5,1,1
28,2025-11-28,16,1051,8.0,131.4,123.5,1,1
28,2025-11-28,17,1026,8.0,128.2,123.5,1,1
28,2025-12-01,8,1310,8.0,163.8,123.5,3,3
28,2025-12-01,17,1037,8.0,129.6,123.5,1,1
28,2025-12-01,18,1021,8.0,127.6,123.5,1,1
28,2025-12-02,8,1346,8.0,168.2,123.5,3,3
28,2025-12-02,15,749,6.0,124.8,123.5,1,1
28,2025-12-02,17,1065,8.0,133.1,123.5,1,1
28,2025-12-02,18,1050,8.0,131.2,123.5,1,1
28,2025-12-03,8,1346,8.0,168.2,123.5,3,3
28,2025-12-03,15,749,6.0,124.8,123.5,1,1
28,2025-12-03,17,1065,8.0,133.1,123.5,1,1
28,2025-12-03,18,1050,8.0,131.2,123.5,1,1
28,2025-12-04,8,1346,8.0,168.2,123.5,3,3
28,2025-12-04,15,749,6.0,124.8,123.5,1,1
28,2025-12-04,17,1065,8.0,133.1,123.5,1,1
28,2025-12-04,18,1050,8.0,131.2,123.5,1,1
28,2025-12-05,8,1279,8.0,159.9,123.5,3,3
28,2025-12-05,14,759,6.0,126.5,123.5,1,1
28,2025-12-05,15,778,6.0,129.7,123.5,1,1
28,2025-12-05,16,1060,8.0,132.5,123.5,1,1
28,2025-12-05,17,1029,8.0,128.6,123.5,1,1
28,2025-12-08,8,1310,8.0,163.8,123.5,3,3
28,2025-12-08,17,1037,8.0,129.6,123.5,1,1
28,2025-12-08,18,1021,8.0,127.6,123.5,1,1
28,2025-12-09,8,1346,8.0,168.2,123.5,3,3
28,2025-12-09,15,749,6.0,124.8,123.5,1,1
28,2025-12-09,17,1065,8.0,133.1,123.5,1,1
28,2025-12-09,18,1050,8.0,131.2,123.5,1,1
28,2025-12-10,8,1346,8.0,168.2,123.5,3,3
28,2025-12-10,15,749,6.0,124.8,123.5,1,1
28,2025-12-10,17,1065,8.0,133.1,123.5,1,1
28,2025-12-10,18,1050,8.0,131.2,123.5,1,1
28,2025-12-11,8,1346,8.0,168.2,123.5,3,3
28,2025-12-11,15,749,6.0,124.8,123.5,1,1
28,2025-12-11,17,1065,8.0,133.1,123.5,1,1
28,2025-12-11,18,1050,8.0,131.2,123.5,1,1
28,2025-12-12,8,1279,8.0,159.9,123.5,3,3
28,2025-12-12,14,759,6.0,126.5,123.5,1,1
28,2025-12-12,15,778,6.0,129.7,123.5,1,1
28,2025-12-12,16,1060,8.0,132.5,123.5,1,1
28,2025-12-12,17,1029,8.0,128.6,123.5,1,1
28,2025-12-15,8,1310,8.0,163.8,123.5,3,3
28,2025-12-15,17,1037,8.0,129.6,123.5,1,1
28,2025-12-15,18,1021,8.0,127.6,123.5,1,1
28,2025-12-16,8,1346,8.0,168.2,123.5,3,3
28,2025-12-16,15,749,6.0,124.8,123.5,1,1
28,2025-12-16,17,1065,8.0,133.1,123.5,1,1
28,2025-12-16,18,1050,8.0,131.2,123.5,1,1
28,2025-12-17,8,1346,8.0,168.2,123.5,3,3
28,2025-12-17,15,749,6.0,124.8,123.5,1,1
28,2025-12-17,17,1065,8.0,133.1,123.5,1,1
28,2025-12-17,18,1050,8.0,131.2,123.5,1,1
28,2025-12-18,8,1346,8.0,168.2,123.5,3,3
28,2025-12-18,15,749,6.0,124.8,123.5,1,1
28,2025-12-18,17,1065,8.0,133.1,123.5,1,1
28,2025-12-18,18,1050,8.0,131.2,123.5,1,1
28,2025-12-19,8,1279,8.0,159.9,123.5,3,3
28,2025-12-19,14,759,6.0,126.5,123.5,1,1
28,2025-12-19,15,778,6.0,129.7,123.5,1,1
28,2025-12-19,16,1060,8.0,132.5,123.5,1,1
28,2025-12-19,17,1029,8.0,128.6,123.5,1,1
28,2025-12-22,8,1310,8.0,163.8,123.5,3,3
28,2025-12-22,17,1037,8.0,129.6,123.5,1,1
28,2025-12-22,18,1021,8.0,127.6,123.5,1,1
28,2025-12-23,8,1346,8.0,168.2,123.5,3,3
28,2025-12-23,15,749,6.0,124.8,123.5,1,1
28,2025-12-23,17,1065,8.0,133.1,123.5,1,1
28,2025-12-23,18,1050,8.0,131.2,123.5,1,1
28,2025-12-24,8,1346,8.0,168.2,123.5,3,3
28,2025-12-24,15,749,6.0,124.8,123.5,1,1
28,2025-12-24,17,1065,8.0,133.1,123.5,1,1
28,2025-12-24,18,1050,8.0,131.2,123.5,1,1
28,2025-12-25,8,1346,8.0,168.2,123.5,3,3
28,2025-12-25,15,749,6.0,124.8,123.5,1,1
28,2025-12-25,17,1065,8.0,133.1,123.5,1,1
28,2025-12-25,18,1050,8.0,131.2,123.5,1,1
28,2025-12-26,8,1279,8.0,159.9,123.5,3,3
28,2025-12-26,14,759,6.0,126.5,123.5,1,1
28,2025-12-26,15,778,6.0,129.7,123.5,1,1
28,2025-12-26,16,1060,8.0,132.5,123.5,1,1
28,2025-12-26,17,1029,8.0,128.6,123.5,1,1
28,2025-12-29,8,1179,8.0,147.4,123.5,2,2
28,2025-12-30,8,1144,8.0,143.0,123.5,2,2
50,2025-11-01,8,2474,17.0,145.5,125.2,3,3
50,2025-11-05,8,2855,17.0,167.9,125.2,6,6
50,2025-11-05,9,2236,17.0,131.5,125.2,1,1
50,2025-11-05,17,2487,17.0,146.3,125.2,3,3
50,2025-11-05,18,2625,17.0,154.4,125.2,4,4
50,2025-11-06,8,2855,17.0,167.9,125.2,6,6
50,2025-11-06,9,2236,17.0,131.5,125.2,1,1
50,2025-11-06,17,2487,17.0,146.3,125.2,3,3
50,2025-11-06,18,2625,17.0,154.4,125.2,4,4
50,2025-11-07,8,2812,17.0,165.4,125.2,6,6
50,2025-11-07,9,2164,17.0,127.3,125.2,1,1
50,2025-11-07,15,1910,15.0,127.3,125.2,1,1
50,2025-11-07,16,2309,17.0,135.8,125.2,2,2
50,2025-11-07,17,2220,17.0,130.6,125.2,1,1
50,2025-11-10,8,2778,17.0,163.4,125.2,6,6
50,2025-11-10,9,2176,17.0,128.0,125.2,1,1
50,2025-11-10,17,2420,17.0,142.4,125.2,3,3
50,2025-11-10,18,2555,17.0,150.3,125.2,4,4
50,2025-11-11,8,2855,17.0,167.9,125.2,6,6
50,2025-11-11,9,2236,17.0,131.5,125.2,1,1
50,2025-11-11,17,2487,17.0,146.3,125.2,3,3
50,2025-11-11,18,2625,17.0,154.4,125.2,4,4
50,2025-11-12,8,2855,17.0,167.9,125.2,6,6
50,2025-11-12,9,2236,17.0,131.5,125.2,1,1
50,2025-11-12,17,2487,17.0,146.3,125.2,3,3
50,2025-11-12,18,2625,17.0,154.4,125.2,4,4
50,2025-11-13,8,2855,17.0,167.9,125.2,6,6
50,2025-11-13,9,2236,17.0,131.5,125.2,1,1
50,2025-11-13,17,2487,17.0,146.3,125.2,3,3
50,2025-11-13,18,2625,17.0,154.4,125.2,4,4
50,2025-11-14,8,2812,17.0,165.4,125.2,6,6
50,2025-11-14,9,2164,17.0,127.3,125.2,1,1
50,2025-11-14,15,1910,15.0,127.3,125.2,1,1
50,2025-11-14,16,2309,17.0,135.8,125.2,2,2
50,2025-11-14,17,2220,17.0,130.6,125.2,1,1
50,2025-11-17,8,2778,17.0,163.4,125.2,6,6
50,2025-11-17,9,2176,17.0,128.0,125.2,1,1
50,2025-11-17,17,2420,17.0,142.4,125.2,3,3
50,2025-11-17,18,2555,17.0,150.3,125.2,4,4
50,2025-11-18,8,2855,17.0,167.9,125.2,6,6
50,2025-11-18,9,2236,17.0,131.5,125.2,1,1
50,2025-11-18,17,2487,17.0,146.3,125.2,3,3
50,2025-11-18,18,2625,17.0,154.4,125.2,4,4
50,2025-11-19,8,2855,17.0,167.9,125.2,6,6
50,2025-11-19,9,2236,17.0,131.5,125.2,1,1
50,2025-11-19,17,2487,17.0,146.3,125.2,3,3
50,2025-11-19,18,2625,17.0,154.4,125.2,4,4
50,2025-11-20,8,2855,17.0,167.9,125.2,6,6
50,2025-11-20,9,2236,17.0,131.5,125.2,1,1
50,2025-11-20,17,2487,17.0,146.3,125.2,3,3
50,2025-11-20,18,2625,17.0,154.4,125.2,4,4
50,2025-11-21,8,2812,17.0,165.4,125.2,6,6
50,2025-11-21,9,2164,17.0,127.3,125.2,1,1
50,2025-11-21,15,1910,15.0,127.3,125.2,1,1
50,2025-11-21,16,2309,17.0,135.8,125.2,2,2
50,2025-11-21,17,2220,17.0,130.6,125.2,1,1
50,2025-11-24,8,2778,17.0,163.4,125.2,6,6
50,2025-11-24,9,2176,17.0,128.0,125.2,1,1
50,2025-11-24,17,2420,17.0,142.4,125.2,3,3
50,2025-11-24,18,2555,17.0,150.3,125.2,4,4
50,2025-11-25,8,2855,17.0,167.9,125.2,6,6
50,2025-11-25,9,2236,17.0,131.5,125.2,1,1
50,2025-11-25,17,2487,17.0,146.3,125.2,3,3
50,2025-11-25,18,2625,17.0,154.4,125.2,4,4
50,2025-11-26,8,2855,17.0,167.9,125.2,6,6
50,2025-11-26,9,2236,17.0,131.5,125.2,1,1
50,2025-11-26,17,2487,17.0,146.3,125.2,3,3
50,2025-11-26,18,2625,17.0,154.4,125.2,4,4
50,2025-11-27,8,2855,17.0,167.9,125.2,6,6
50,2025-11-27,9,2236,17.0,131.5,125.2,1,1
50,2025-11-27,17,2487,17.0,146.3,125.2,3,3
50,2025-11-27,18,2625,17.0,154.4,125.2,4,4
50,2025-11-28,8,2812,17.0,165.4,125.2,6,6
50,2025-11-28,9,2164,17.0,127.3,125.2,1,1
50,2025-11-28,15,1910,15.0,127.3,125.2,1,1
50,2025-11-28,16,2309,17.0,135.8,125.2,2,2
50,2025-11-28,17,2220,17.0,130.6,125.2,1,1
50,2025-12-01,8,2766,17.0,162.7,125.2,6,6
50,2025-12-01,9,2162,17.0,127.2,125.2,1,1
50,2025-12-01,17,2421,17.0,142.4,125.2,3,3
50,2025-12-01,18,2569,17.0,151.1,125.2,4,4
50,2025-12-02,8,2843,17.0,167.2,125.2,6,6
50,2025-12-02,9,2222,17.0,130.7,125.2,1,1
50,2025-12-02,17,2488,17.0,146.4,125.2,3,3
50,2025-12-02,18,2640,17.0,155.3,125.2,5,5
50,2025-12-03,8,2843,17.0,167.2,125.2,6,6
50,2025-12-03,9,2222,17.0,130.7,125.2,1,1
50,2025-12-03,17,2488,17.0,146.4,125.2,3,3
50,2025-12-03,18,2640,17.0,155.3,125.2,5,5
50,2025-12-04,8,2843,17.0,167.2,125.2,6,6
50,2025-12-04,9,2222,17.0,130.7,125.2,1,1
50,2025-12-04,17,2488,17.0,146.4,125.2,3,3
50,2025-12-04,18,2640,17.0,155.3,125.2,5,5
50,2025-12-05,8,2793,17.0,164.3,125.2,6,6
50,2025-12-05,9,2144,17.0,126.1,125.2,1,1
50,2025-12-05,15,1919,15.0,127.9,125.2,1,1
50,2025-12-05,16,2281,17.0,134.2,125.2,2,2
50,2025-12-05,17,2218,17.0,130.5,125.2,1,1
50,2025-12-08,8,2766,17.0,162.7,125.2,6,6
50,2025-12-08,9,2162,17.0,127.2,125.2,1,1
50,2025-12-08,17,2421,17.0,142.4,125.2,3,3
50,2025-12-08,18,2569,17.0,151.1,125.2,4,4
50,2025-12-09,8,2843,17.0,167.2,125.2,6,6
50,2025-12-09,9,2222,17.0,130.7,125.2,1,1
50,2025-12-09,17,2488,17.0,146.4,125.2,3,3
50,2025-12-09,18,2640,17.0,155.3,125.2,5,5
50,2025-12-10,8,2843,17.0,167.2,125.2,6,6
50,2025-12-10,9,2222,17.0,130.7,125.2,1,1
50,2025-12-10,17,2488,17.0,146.4,125.2,3,3
50,2025-12-10,18,2640,17.0,155.3,125.2,5,5
50,2025-12-11,8,2843,17.0,167.2,125.2,6,6
50,2025-12-11,9,2222,17.0,130.7,125.2,1,1
50,2025-12-11,17,2488,17.0,146.4,125.2,3,3
50,2025-12-11,18,2640,17.0,155.3,125.2,5,5
50,2025-12-12,8,2793,17.0,164.3,125.2,6,6
50,2025-12-12,9,2144,17.0,126.1,125.2,1,1
50,2025-12-12,15,1919,15.0,127.9,125.2,1,1
50,2025-12-12,16,2281,17.0,134.2,125.2,2,2
50,2025-12-12,17,2218,17.0,130.5,125.2,1,1
50,2025-12-15,8,2766,17.0,162.7,125.2,6,6
50,2025-12-15,9,2162,17.0,127.2,125.2,1,1
50,2025-12-15,17,2421,17.0,142.4,125.2,3,3
50,2025-12-15,18,2569,17.0,151.1,125.2,4,4
50,2025-12-16,8,2843,17.0,167.2,125.2,6,6
50,2025-12-16,9,2222,17.0,130.7,125.2,1,1
50,2025-12-16,17,2488,17.0,146.4,125.2,3,3
50,2025-12-16,18,2640,17.0,155.3,125.2,5,5
50,2025-12-17,8,2843,17.0,167.2,125.2,6,6
50,2025-12-17,9,2222,17.0,130.7,125.2,1,1
50,2025-12-17,17,2488,17.0,146.4,125.2,3,3
50,2025-12-17,18,2640,17.0,155.3,125.2,5,5
50,2025-12-18,8,2843,17.0,167.2,125.2,6,6
50,2025-12-18,9,2222,17.0,130.7,125.2,1,1
50,2025-12-18,17,2488,17.0,146.4,125.2,3,3
50,2025-12-18,18,2640,17.0,155.3,125.2,5,5
50,2025-12-19,8,2793,17.0,164.3,125.2,6,6
50,2025-12-19,9,2144,17.0,126.1,125.2,1,1
50,2025-12-19,15,1919,15.0,127.9,125.2,1,1
50,2025-12-19,16,2281,17.0,134.2,125.2,2,2
50,2025-12-19,17,2218,17.0,130.5,125.2,1,1
50,2025-12-22,8,2766,17.0,162.7,125.2,6,6
50,2025-12-22,9,2162,17.0,127.2,125.2,1,1
50,2025-12-22,17,2421,17.0,142.4,125.2,3,3
50,2025-12-22,18,2569,17.0,151.1,125.2,4,4
50,2025-12-23,8,2843,17.0,167.2,125.2,6,6
50,2025-12-23,9,2222,17.0,130.7,125.2,1,1
50,2025-12-23,17,2488,17.0,146.4,125.2,3,3
50,2025-12-23,18,2640,17.0,155.3,125.2,5,5
50,2025-12-24,8,2843,17.0,167.2,125.2,6,6
50,2025-12-24,9,2222,17.0,130.7,125.2,1,1
50,2025-12-24,17,2488,17.0,146.4,125.2,3,3
50,2025-12-24,18,2640,17.0,155.3,125.2,5,5
50,2025-12-25,8,2843,17.0,167.2,125.2,6,6
50,2025-12-25,9,2222,17.0,130.7,125.2,1,1
50,2025-12-25,17,2488,17.0,146.4,125.2,3,3
50,2025-12-25,18,2640,17.0,155.3,125.2,5,5
50,2025-12-26,8,2793,17.0,164.3,125.2,6,6
50,2025-12-26,9,2144,17.0,126.1,125.2,1,1
50,2025-12-26,15,1919,15.0,127.9,125.2,1,1
50,2025-12-26,16,2281,17.0,134.2,125.2,2,2
50,2025-12-26,17,2218,17.0,130.5,125.2,1,1
50,2025-12-29,8,2490,17.0,146.5,125.2,3,3
50,2025-12-29,17,2179,17.0,128.2,125.2,1,1
50,2025-12-29,18,2312,17.0,136.0,125.2,2,2
50,2025-12-30,8,2416,17.0,142.1,125.2,3,3
50,2025-12-30,18,2244,17.0,132.0,125.2,1,1
