route,date,hour,pred,n_plan,bpv,norm,need,reserve
1,2025-11-01,20,763,14.0,54.5,119.3,10,4
1,2025-11-01,21,483,13.0,37.2,119.3,6,3
1,2025-11-01,22,211,12.0,17.6,119.3,3,3
1,2025-11-02,7,254,7.0,36.3,119.3,4,2
1,2025-11-02,8,354,7.0,50.6,119.3,5,2
1,2025-11-02,18,520,9.0,57.8,119.3,7,2
1,2025-11-02,19,437,9.0,48.6,119.3,6,2
1,2025-11-02,20,367,7.0,52.4,119.3,5,2
1,2025-11-02,21,285,6.0,47.5,119.3,4,1
1,2025-11-02,22,115,6.0,19.2,119.3,2,1
1,2025-11-03,7,256,7.0,36.6,119.3,4,2
1,2025-11-03,8,353,7.0,50.4,119.3,5,2
1,2025-11-03,18,492,9.0,54.7,119.3,6,2
1,2025-11-03,19,422,9.0,46.9,119.3,6,2
1,2025-11-03,20,346,7.0,49.4,119.3,5,2
1,2025-11-03,21,257,6.0,42.8,119.3,4,1
1,2025-11-03,22,108,6.0,18.0,119.3,2,1
1,2025-11-04,7,256,7.0,36.6,119.3,4,2
1,2025-11-04,8,353,7.0,50.4,119.3,5,2
1,2025-11-04,18,492,9.0,54.7,119.3,6,2
1,2025-11-04,19,422,9.0,46.9,119.3,6,2
1,2025-11-04,20,346,7.0,49.4,119.3,5,2
1,2025-11-04,21,257,6.0,42.8,119.3,4,1
1,2025-11-04,22,108,6.0,18.0,119.3,2,1
1,2025-11-05,21,526,13.0,40.5,119.3,7,3
1,2025-11-05,22,233,12.0,19.4,119.3,3,3
1,2025-11-06,21,526,13.0,40.5,119.3,7,3
1,2025-11-06,22,233,12.0,19.4,119.3,3,3
1,2025-11-07,21,549,13.0,42.2,119.3,7,3
1,2025-11-07,22,240,12.0,20.0,119.3,3,3
1,2025-11-08,7,348,7.0,49.7,119.3,5,2
1,2025-11-08,20,440,7.5,58.7,119.3,6,1
1,2025-11-08,21,312,6.5,48.0,119.3,4,1
1,2025-11-08,22,138,6.0,23.0,119.3,2,1
1,2025-11-09,7,254,7.0,36.3,119.3,4,2
1,2025-11-09,8,354,7.0,50.6,119.3,5,2
1,2025-11-09,18,520,9.0,57.8,119.3,7,2
1,2025-11-09,19,437,9.0,48.6,119.3,6,2
1,2025-11-09,20,367,7.0,52.4,119.3,5,2
1,2025-11-09,21,285,6.0,47.5,119.3,4,1
1,2025-11-09,22,115,6.0,19.2,119.3,2,1
1,2025-11-10,21,512,13.0,39.4,119.3,7,3
1,2025-11-10,22,226,12.0,18.8,119.3,3,3
1,2025-11-11,21,526,13.0,40.5,119.3,7,3
1,2025-11-11,22,233,12.0,19.4,119.3,3,3
1,2025-11-12,21,526,13.0,40.5,119.3,7,3
1,2025-11-12,22,233,12.0,19.4,119.3,3,3
1,2025-11-13,21,526,13.0,40.5,119.3,7,3
1,2025-11-13,22,233,12.0,19.4,119.3,3,3
1,2025-11-14,21,549,13.0,42.2,119.3,7,3
1,2025-11-14,22,240,12.0,20.0,119.3,3,3
1,2025-11-15,7,348,7.0,49.7,119.3,5,2
1,2025-11-15,20,440,7.5,58.7,119.3,6,1
1,2025-11-15,21,312,6.5,48.0,119.3,4,1
1,2025-11-15,22,138,6.0,23.0,119.3,2,1
1,2025-11-16,7,254,7.0,36.3,119.3,4,2
1,2025-11-16,8,354,7.0,50.6,119.3,5,2
1,2025-11-16,18,520,9.0,57.8,119.3,7,2
1,2025-11-16,19,437,9.0,48.6,119.3,6,2
1,2025-11-16,20,367,7.0,52.4,119.3,5,2
1,2025-11-16,21,285,6.0,47.5,119.3,4,1
1,2025-11-16,22,115,6.0,19.2,119.3,2,1
1,2025-11-17,21,512,13.0,39.4,119.3,7,3
1,2025-11-17,22,226,12.0,18.8,119.3,3,3
1,2025-11-18,21,526,13.0,40.5,119.3,7,3
1,2025-11-18,22,233,12.0,19.4,119.3,3,3
1,2025-11-19,21,526,13.0,40.5,119.3,7,3
1,2025-11-19,22,233,12.0,19.4,119.3,3,3
1,2025-11-20,21,526,13.0,40.5,119.3,7,3
1,2025-11-20,22,233,12.0,19.4,119.3,3,3
1,2025-11-21,21,549,13.0,42.2,119.3,7,3
1,2025-11-21,22,240,12.0,20.0,119.3,3,3
1,2025-11-22,7,348,7.0,49.7,119.3,5,2
1,2025-11-22,20,440,7.5,58.7,119.3,6,1
1,2025-11-22,21,312,6.5,48.0,119.3,4,1
1,2025-11-22,22,138,6.0,23.0,119.3,2,1
1,2025-11-23,7,254,7.0,36.3,119.3,4,2
1,2025-11-23,8,354,7.0,50.6,119.3,5,2
1,2025-11-23,18,520,9.0,57.8,119.3,7,2
1,2025-11-23,19,437,9.0,48.6,119.3,6,2
1,2025-11-23,20,367,7.0,52.4,119.3,5,2
1,2025-11-23,21,285,6.0,47.5,119.3,4,1
1,2025-11-23,22,115,6.0,19.2,119.3,2,1
1,2025-11-24,21,512,13.0,39.4,119.3,7,3
1,2025-11-24,22,226,12.0,18.8,119.3,3,3
1,2025-11-25,21,526,13.0,40.5,119.3,7,3
1,2025-11-25,22,233,12.0,19.4,119.3,3,3
1,2025-11-26,21,526,13.0,40.5,119.3,7,3
1,2025-11-26,22,233,12.0,19.4,119.3,3,3
1,2025-11-27,21,526,13.0,40.5,119.3,7,3
1,2025-11-27,22,233,12.0,19.4,119.3,3,3
1,2025-11-28,21,549,13.0,42.2,119.3,7,3
1,2025-11-28,22,240,12.0,20.0,119.3,3,3
1,2025-11-29,7,348,7.0,49.7,119.3,5,2
1,2025-11-29,20,440,7.5,58.7,119.3,6,1
1,2025-11-29,21,312,6.5,48.0,119.3,4,1
1,2025-11-29,22,138,6.0,23.0,119.3,2,1
1,2025-11-30,7,254,7.0,36.3,119.3,4,2
1,2025-11-30,8,354,7.0,50.6,119.3,5,2
1,2025-11-30,18,520,9.0,57.8,119.3,7,2
1,2025-11-30,19,437,9.0,48.6,119.3,6,2
1,2025-11-30,20,367,7.0,52.4,119.3,5,2
1,2025-11-30,21,285,6.0,47.5,119.3,4,1
1,2025-11-30,22,115,6.0,19.2,119.3,2,1
1,2025-12-01,21,516,13.0,39.7,119.3,7,3
1,2025-12-01,22,233,12.0,19.4,119.3,3,3
1,2025-12-02,21,531,13.0,40.8,119.3,7,3
1,2025-12-02,22,240,12.0,20.0,119.3,3,3
1,2025-12-03,21,531,13.0,40.8,119.3,7,3
1,2025-12-03,22,240,12.0,20.0,119.3,3,3
1,2025-12-04,21,531,13.0,40.8,119.3,7,3
1,2025-12-04,22,240,12.0,20.0,119.3,3,3
1,2025-12-05,21,554,13.0,42.6,119.3,7,3
1,2025-12-05,22,249,12.0,20.8,119.3,3,3
1,2025-12-06,7,347,7.0,49.6,119.3,5,2
1,2025-12-06,20,441,7.5,58.8,119.3,6,1
1,2025-12-06,21,313,6.5,48.2,119.3,4,1
1,2025-12-06,22,141,6.0,23.5,119.3,2,1
1,2025-12-07,7,252,7.0,36.0,119.3,4,2
1,2025-12-07,8,354,7.0,50.6,119.3,5,2
1,2025-12-07,18,526,9.0,58.4,119.3,7,2
1,2025-12-07,19,438,9.0,48.7,119.3,6,2
1,2025-12-07,20,372,7.0,53.1,119.3,5,2
1,2025-12-07,21,285,6.0,47.5,119.3,4,1
1,2025-12-07,22,118,6.0,19.7,119.3,2,1
1,2025-12-08,21,516,13.0,39.7,119.3,7,3
1,2025-12-08,22,233,12.0,19.4,119.3,3,3
1,2025-12-09,21,531,13.0,40.8,119.3,7,3
1,2025-12-09,22,240,12.0,20.0,119.3,3,3
1,2025-12-10,21,531,13.0,40.8,119.3,7,3
1,2025-12-10,22,240,12.0,20.0,119.3,3,3
1,2025-12-11,21,531,13.0,40.8,119.3,7,3
1,2025-12-11,22,240,12.0,20.0,119.3,3,3
1,2025-12-12,21,554,13.0,42.6,119.3,7,3
1,2025-12-12,22,249,12.0,20.8,119.3,3,3
1,2025-12-13,7,347,7.0,49.6,119.3,5,2
1,2025-12-13,20,441,7.5,58.8,119.3,6,1
1,2025-12-13,21,313,6.5,48.2,119.3,4,1
1,2025-12-13,22,141,6.0,23.5,119.3,2,1
1,2025-12-14,7,252,7.0,36.0,119.3,4,2
1,2025-12-14,8,354,7.0,50.6,119.3,5,2
1,2025-12-14,18,526,9.0,58.4,119.3,7,2
1,2025-12-14,19,438,9.0,48.7,119.3,6,2
1,2025-12-14,20,372,7.0,53.1,119.3,5,2
1,2025-12-14,21,285,6.0,47.5,119.3,4,1
1,2025-12-14,22,118,6.0,19.7,119.3,2,1
1,2025-12-15,21,516,13.0,39.7,119.3,7,3
1,2025-12-15,22,233,12.0,19.4,119.3,3,3
1,2025-12-16,21,531,13.0,40.8,119.3,7,3
1,2025-12-16,22,240,12.0,20.0,119.3,3,3
1,2025-12-17,21,531,13.0,40.8,119.3,7,3
1,2025-12-17,22,240,12.0,20.0,119.3,3,3
1,2025-12-18,21,531,13.0,40.8,119.3,7,3
1,2025-12-18,22,240,12.0,20.0,119.3,3,3
1,2025-12-19,21,554,13.0,42.6,119.3,7,3
1,2025-12-19,22,249,12.0,20.8,119.3,3,3
1,2025-12-20,7,347,7.0,49.6,119.3,5,2
1,2025-12-20,20,441,7.5,58.8,119.3,6,1
1,2025-12-20,21,313,6.5,48.2,119.3,4,1
1,2025-12-20,22,141,6.0,23.5,119.3,2,1
1,2025-12-21,7,252,7.0,36.0,119.3,4,2
1,2025-12-21,8,354,7.0,50.6,119.3,5,2
1,2025-12-21,18,526,9.0,58.4,119.3,7,2
1,2025-12-21,19,438,9.0,48.7,119.3,6,2
1,2025-12-21,20,372,7.0,53.1,119.3,5,2
1,2025-12-21,21,285,6.0,47.5,119.3,4,1
1,2025-12-21,22,118,6.0,19.7,119.3,2,1
1,2025-12-22,21,516,13.0,39.7,119.3,7,3
1,2025-12-22,22,233,12.0,19.4,119.3,3,3
1,2025-12-23,21,531,13.0,40.8,119.3,7,3
1,2025-12-23,22,240,12.0,20.0,119.3,3,3
1,2025-12-24,21,531,13.0,40.8,119.3,7,3
1,2025-12-24,22,240,12.0,20.0,119.3,3,3
1,2025-12-25,21,531,13.0,40.8,119.3,7,3
1,2025-12-25,22,240,12.0,20.0,119.3,3,3
1,2025-12-26,21,554,13.0,42.6,119.3,7,3
1,2025-12-26,22,249,12.0,20.8,119.3,3,3
1,2025-12-27,7,347,7.0,49.6,119.3,5,2
1,2025-12-27,20,441,7.5,58.8,119.3,6,1
1,2025-12-27,21,313,6.5,48.2,119.3,4,1
1,2025-12-27,22,141,6.0,23.5,119.3,2,1
1,2025-12-28,7,252,7.0,36.0,119.3,4,2
1,2025-12-28,8,354,7.0,50.6,119.3,5,2
1,2025-12-28,18,526,9.0,58.4,119.3,7,2
1,2025-12-28,19,438,9.0,48.7,119.3,6,2
1,2025-12-28,20,372,7.0,53.1,119.3,5,2
1,2025-12-28,21,285,6.0,47.5,119.3,4,1
1,2025-12-28,22,118,6.0,19.7,119.3,2,1
1,2025-12-29,21,465,13.0,35.8,119.3,6,3
1,2025-12-29,22,210,12.0,17.5,119.3,3,3
1,2025-12-30,20,813,14.0,58.1,119.3,10,4
1,2025-12-30,21,451,13.0,34.7,119.3,6,3
1,2025-12-30,22,204,12.0,17.0,119.3,3,3
1,2025-12-31,7,188,7.0,26.9,119.3,3,2
1,2025-12-31,8,256,7.0,36.6,119.3,4,2
1,2025-12-31,9,409,8.0,51.1,119.3,5,2
1,2025-12-31,10,492,9.0,54.7,119.3,6,2
1,2025-12-31,11,477,8.0,59.6,119.3,6,2
1,2025-12-31,16,443,8.0,55.4,119.3,6,2
1,2025-12-31,17,401,9.0,44.6,119.3,5,2
1,2025-12-31,18,340,9.0,37.8,119.3,5,2
1,2025-12-31,19,299,9.0,33.2,119.3,4,2
7,2025-11-01,20,921,20.0,46.0,114.5,12,6
7,2025-11-01,21,565,18.0,31.4,114.5,8,5
7,2025-11-01,22,306,15.0,20.4,114.5,4,4
7,2025-11-05,20,1123,20.0,56.2,114.5,15,5
7,2025-11-05,21,663,18.0,36.8,114.5,9,5
7,2025-11-05,22,316,15.0,21.1,114.5,4,4
7,2025-11-06,20,1123,20.0,56.2,114.5,15,5
7,2025-11-06,21,663,18.0,36.8,114.5,9,5
7,2025-11-06,22,316,15.0,21.1,114.5,4,4
7,2025-11-07,20,1047,20.0,52.4,114.5,14,6
7,2025-11-07,21,643,18.0,35.7,114.5,9,5
7,2025-11-07,22,348,15.0,23.2,114.5,5,4
7,2025-11-10,20,1093,20.0,54.6,114.5,14,6
7,2025-11-10,21,645,18.0,35.8,114.5,9,5
7,2025-11-10,22,308,15.0,20.5,114.5,4,4
7,2025-11-11,20,1123,20.0,56.2,114.5,15,5
7,2025-11-11,21,663,18.0,36.8,114.5,9,5
7,2025-11-11,22,316,15.0,21.1,114.5,4,4
7,2025-11-12,20,1056,20.0,52.8,114.5,14,6
7,2025-11-12,21,623,18.0,34.6,114.5,8,5
7,2025-11-12,22,297,15.0,19.8,114.5,4,4
7,2025-11-13,20,1056,20.0,52.8,114.5,14,6
7,2025-11-13,21,623,18.0,34.6,114.5,8,5
7,2025-11-13,22,297,15.0,19.8,114.5,4,4
7,2025-11-14,20,984,20.0,49.2,114.5,13,6
7,2025-11-14,21,604,18.0,33.6,114.5,8,5
7,2025-11-14,22,327,15.0,21.8,114.5,5,4
7,2025-11-15,7,461,12.0,38.4,114.5,6,3
7,2025-11-15,8,753,14.0,53.8,114.5,10,4
7,2025-11-15,9,911,16.5,55.2,114.5,12,4
7,2025-11-15,20,869,16.0,54.3,114.5,11,4
7,2025-11-15,21,652,16.0,40.8,114.5,9,4
7,2025-11-15,22,346,13.5,25.6,114.5,5,4
7,2025-11-16,7,312,11.5,27.1,114.5,4,3
7,2025-11-16,8,515,15.0,34.3,114.5,7,4
7,2025-11-16,9,645,16.0,40.3,114.5,9,4
7,2025-11-16,10,788,16.0,49.2,114.5,10,4
7,2025-11-16,18,915,16.0,57.2,114.5,12,4
7,2025-11-16,19,770,16.0,48.1,114.5,10,4
7,2025-11-16,20,705,16.0,44.1,114.5,9,4
7,2025-11-16,21,535,16.0,33.4,114.5,7,4
7,2025-11-16,22,299,14.5,20.6,114.5,4,4
7,2025-11-17,20,1027,20.0,51.4,114.5,13,6
7,2025-11-17,21,607,18.0,33.7,114.5,8,5
7,2025-11-17,22,289,15.0,19.3,114.5,4,4
7,2025-11-18,20,1056,20.0,52.8,114.5,14,6
7,2025-11-18,21,623,18.0,34.6,114.5,8,5
7,2025-11-18,22,297,15.0,19.8,114.5,4,4
7,2025-11-19,20,1056,20.0,52.8,114.5,14,6
7,2025-11-19,21,623,18.0,34.6,114.5,8,5
7,2025-11-19,22,297,15.0,19.8,114.5,4,4
7,2025-11-20,20,1056,20.0,52.8,114.5,14,6
7,2025-11-20,21,623,18.0,34.6,114.5,8,5
7,2025-11-20,22,297,15.0,19.8,114.5,4,4
7,2025-11-21,20,984,20.0,49.2,114.5,13,6
7,2025-11-21,21,604,18.0,33.6,114.5,8,5
7,2025-11-21,22,327,15.0,21.8,114.5,5,4
7,2025-11-22,7,461,12.0,38.4,114.5,6,3
7,2025-11-22,8,753,14.0,53.8,114.5,10,4
7,2025-11-22,9,911,16.5,55.2,114.5,12,4
7,2025-11-22,20,869,16.0,54.3,114.5,11,4
7,2025-11-22,21,652,16.0,40.8,114.5,9,4
7,2025-11-22,22,346,13.5,25.6,114.5,5,4
7,2025-11-23,7,312,11.5,27.1,114.5,4,3
7,2025-11-23,8,515,15.0,34.3,114.5,7,4
7,2025-11-23,9,645,16.0,40.3,114.5,9,4
7,2025-11-23,10,788,16.0,49.2,114.5,10,4
7,2025-11-23,18,915,16.0,57.2,114.5,12,4
7,2025-11-23,19,770,16.0,48.1,114.5,10,4
7,2025-11-23,20,705,16.0,44.1,114.5,9,4
7,2025-11-23,21,535,16.0,33.4,114.5,7,4
7,2025-11-23,22,299,14.5,20.6,114.5,4,4
7,2025-11-24,20,1027,20.0,51.4,114.5,13,6
7,2025-11-24,21,607,18.0,33.7,114.5,8,5
7,2025-11-24,22,289,15.0,19.3,114.5,4,4
7,2025-11-25,20,1056,20.0,52.8,114.5,14,6
7,2025-11-25,21,623,18.0,34.6,114.5,8,5
7,2025-11-25,22,297,15.0,19.8,114.5,4,4
7,2025-11-26,20,1056,20.0,52.8,114.5,14,6
7,2025-11-26,21,623,18.0,34.6,114.5,8,5
7,2025-11-26,22,297,15.0,19.8,114.5,4,4
7,2025-11-27,20,1056,20.0,52.8,114.5,14,6
7,2025-11-27,21,623,18.0,34.6,114.5,8,5
7,2025-11-27,22,297,15.0,19.8,114.5,4,4
7,2025-11-28,20,984,20.0,49.2,114.5,13,6
7,2025-11-28,21,604,18.0,33.6,114.5,8,5
7,2025-11-28,22,327,15.0,21.8,114.5,5,4
7,2025-11-29,7,461,12.0,38.4,114.5,6,3
7,2025-11-29,8,753,14.0,53.8,114.5,10,4
7,2025-11-29,9,911,16.5,55.2,114.5,12,4
7,2025-11-29,20,869,16.0,54.3,114.5,11,4
7,2025-11-29,21,652,16.0,40.8,114.5,9,4
7,2025-11-29,22,346,13.5,25.6,114.5,5,4
7,2025-11-30,7,312,11.5,27.1,114.5,4,3
7,2025-11-30,8,515,15.0,34.3,114.5,7,4
7,2025-11-30,9,645,16.0,40.3,114.5,9,4
7,2025-11-30,10,788,16.0,49.2,114.5,10,4
7,2025-11-30,18,915,16.0,57.2,114.5,12,4
7,2025-11-30,19,770,16.0,48.1,114.5,10,4
7,2025-11-30,20,705,16.0,44.1,114.5,9,4
7,2025-11-30,21,535,16.0,33.4,114.5,7,4
7,2025-11-30,22,299,14.5,20.6,114.5,4,4
7,2025-12-01,20,1026,20.0,51.3,114.5,13,6
7,2025-12-01,21,605,18.0,33.6,114.5,8,5
7,2025-12-01,22,288,15.0,19.2,114.5,4,4
7,2025-12-02,20,1054,20.0,52.7,114.5,14,6
7,2025-12-02,21,622,18.0,34.6,114.5,8,5
7,2025-12-02,22,296,15.0,19.7,114.5,4,4
7,2025-12-03,20,1054,20.0,52.7,114.5,14,6
7,2025-12-03,21,622,18.0,34.6,114.5,8,5
7,2025-12-03,22,296,15.0,19.7,114.5,4,4
7,2025-12-04,20,1054,20.0,52.7,114.5,14,6
7,2025-12-04,21,622,18.0,34.6,114.5,8,5
7,2025-12-04,22,296,15.0,19.7,114.5,4,4
7,2025-12-05,20,987,20.0,49.4,114.5,13,6
7,2025-12-05,21,608,18.0,33.8,114.5,8,5
7,2025-12-05,22,328,15.0,21.9,114.5,5,4
7,2025-12-06,7,461,12.0,38.4,114.5,6,3
7,2025-12-06,8,753,14.0,53.8,114.5,10,4
7,2025-12-06,9,911,16.5,55.2,114.5,12,4
7,2025-12-06,20,869,16.0,54.3,114.5,11,4
7,2025-12-06,21,652,16.0,40.8,114.5,9,4
7,2025-12-06,22,346,13.5,25.6,114.5,5,4
7,2025-12-07,7,312,11.5,27.1,114.5,4,3
7,2025-12-07,8,515,15.0,34.3,114.5,7,4
7,2025-12-07,9,645,16.0,40.3,114.5,9,4
7,2025-12-07,10,788,16.0,49.2,114.5,10,4
7,2025-12-07,18,915,16.0,57.2,114.5,12,4
7,2025-12-07,19,770,16.0,48.1,114.5,10,4
7,2025-12-07,20,705,16.0,44.1,114.5,9,4
7,2025-12-07,21,535,16.0,33.4,114.5,7,4
7,2025-12-07,22,299,14.5,20.6,114.5,4,4
7,2025-12-08,20,1026,20.0,51.3,114.5,13,6
7,2025-12-08,21,605,18.0,33.6,114.5,8,5
7,2025-12-08,22,288,15.0,19.2,114.5,4,4
7,2025-12-09,20,1054,20.0,52.7,114.5,14,6
7,2025-12-09,21,622,18.0,34.6,114.5,8,5
7,2025-12-09,22,296,15.0,19.7,114.5,4,4
7,2025-12-10,20,1054,20.0,52.7,114.5,14,6
7,2025-12-10,21,622,18.0,34.6,114.5,8,5
7,2025-12-10,22,296,15.0,19.7,114.5,4,4
7,2025-12-11,20,1054,20.0,52.7,114.5,14,6
7,2025-12-11,21,622,18.0,34.6,114.5,8,5
7,2025-12-11,22,296,15.0,19.7,114.5,4,4
7,2025-12-12,20,987,20.0,49.4,114.5,13,6
7,2025-12-12,21,608,18.0,33.8,114.5,8,5
7,2025-12-12,22,328,15.0,21.9,114.5,5,4
7,2025-12-13,7,461,12.0,38.4,114.5,6,3
7,2025-12-13,8,753,14.0,53.8,114.5,10,4
7,2025-12-13,9,911,16.5,55.2,114.5,12,4
7,2025-12-13,20,869,16.0,54.3,114.5,11,4
7,2025-12-13,21,652,16.0,40.8,114.5,9,4
7,2025-12-13,22,346,13.5,25.6,114.5,5,4
7,2025-12-14,7,312,11.5,27.1,114.5,4,3
7,2025-12-14,8,515,15.0,34.3,114.5,7,4
7,2025-12-14,9,645,16.0,40.3,114.5,9,4
7,2025-12-14,10,788,16.0,49.2,114.5,10,4
7,2025-12-14,18,915,16.0,57.2,114.5,12,4
7,2025-12-14,19,770,16.0,48.1,114.5,10,4
7,2025-12-14,20,705,16.0,44.1,114.5,9,4
7,2025-12-14,21,535,16.0,33.4,114.5,7,4
7,2025-12-14,22,299,14.5,20.6,114.5,4,4
7,2025-12-15,20,1026,20.0,51.3,114.5,13,6
7,2025-12-15,21,605,18.0,33.6,114.5,8,5
7,2025-12-15,22,288,15.0,19.2,114.5,4,4
7,2025-12-16,20,1054,20.0,52.7,114.5,14,6
7,2025-12-16,21,622,18.0,34.6,114.5,8,5
7,2025-12-16,22,296,15.0,19.7,114.5,4,4
7,2025-12-17,20,1054,20.0,52.7,114.5,14,6
7,2025-12-17,21,622,18.0,34.6,114.5,8,5
7,2025-12-17,22,296,15.0,19.7,114.5,4,4
7,2025-12-18,20,1054,20.0,52.7,114.5,14,6
7,2025-12-18,21,622,18.0,34.6,114.5,8,5
7,2025-12-18,22,296,15.0,19.7,114.5,4,4
7,2025-12-19,20,987,20.0,49.4,114.5,13,6
7,2025-12-19,21,608,18.0,33.8,114.5,8,5
7,2025-12-19,22,328,15.0,21.9,114.5,5,4
7,2025-12-20,7,461,12.0,38.4,114.5,6,3
7,2025-12-20,8,753,14.0,53.8,114.5,10,4
7,2025-12-20,9,911,16.5,55.2,114.5,12,4
7,2025-12-20,20,869,16.0,54.3,114.5,11,4
7,2025-12-20,21,652,16.0,40.8,114.5,9,4
7,2025-12-20,22,346,13.5,25.6,114.5,5,4
7,2025-12-21,7,312,11.5,27.1,114.5,4,3
7,2025-12-21,8,515,15.0,34.3,114.5,7,4
7,2025-12-21,9,645,16.0,40.3,114.5,9,4
7,2025-12-21,10,788,16.0,49.2,114.5,10,4
7,2025-12-21,18,915,16.0,57.2,114.5,12,4
7,2025-12-21,19,770,16.0,48.1,114.5,10,4
7,2025-12-21,20,705,16.0,44.1,114.5,9,4
7,2025-12-21,21,535,16.0,33.4,114.5,7,4
7,2025-12-21,22,299,14.5,20.6,114.5,4,4
7,2025-12-22,20,1026,20.0,51.3,114.5,13,6
7,2025-12-22,21,605,18.0,33.6,114.5,8,5
7,2025-12-22,22,288,15.0,19.2,114.5,4,4
7,2025-12-23,20,1054,20.0,52.7,114.5,14,6
7,2025-12-23,21,622,18.0,34.6,114.5,8,5
7,2025-12-23,22,296,15.0,19.7,114.5,4,4
7,2025-12-24,20,1054,20.0,52.7,114.5,14,6
7,2025-12-24,21,622,18.0,34.6,114.5,8,5
7,2025-12-24,22,296,15.0,19.7,114.5,4,4
7,2025-12-25,20,1054,20.0,52.7,114.5,14,6
7,2025-12-25,21,622,18.0,34.6,114.5,8,5
7,2025-12-25,22,296,15.0,19.7,114.5,4,4
7,2025-12-26,20,987,20.0,49.4,114.5,13,6
7,2025-12-26,21,608,18.0,33.8,114.5,8,5
7,2025-12-26,22,328,15.0,21.9,114.5,5,4
7,2025-12-27,7,461,12.0,38.4,114.5,6,3
7,2025-12-27,8,753,14.0,53.8,114.5,10,4
7,2025-12-27,9,911,16.5,55.2,114.5,12,4
7,2025-12-27,20,869,16.0,54.3,114.5,11,4
7,2025-12-27,21,652,16.0,40.8,114.5,9,4
7,2025-12-27,22,346,13.5,25.6,114.5,5,4
7,2025-12-28,7,312,11.5,27.1,114.5,4,3
7,2025-12-28,8,515,15.0,34.3,114.5,7,4
7,2025-12-28,9,645,16.0,40.3,114.5,9,4
7,2025-12-28,10,788,16.0,49.2,114.5,10,4
7,2025-12-28,18,915,16.0,57.2,114.5,12,4
7,2025-12-28,19,770,16.0,48.1,114.5,10,4
7,2025-12-28,20,705,16.0,44.1,114.5,9,4
7,2025-12-28,21,535,16.0,33.4,114.5,7,4
7,2025-12-28,22,299,14.5,20.6,114.5,4,4
7,2025-12-29,20,924,20.0,46.2,114.5,12,6
7,2025-12-29,21,545,18.0,30.3,114.5,7,5
7,2025-12-29,22,260,15.0,17.3,114.5,4,4
7,2025-12-30,20,896,20.0,44.8,114.5,12,6
7,2025-12-30,21,529,18.0,29.4,114.5,7,5
7,2025-12-30,22,252,15.0,16.8,114.5,4,4
7,2025-12-31,7,249,11.5,21.7,114.5,4,3
7,2025-12-31,8,407,15.0,27.1,114.5,6,4
7,2025-12-31,9,493,16.0,30.8,114.5,7,4
7,2025-12-31,10,531,16.0,33.2,114.5,7,4
7,2025-12-31,11,673,16.0,42.1,114.5,9,4
7,2025-12-31,12,762,16.0,47.6,114.5,10,4
7,2025-12-31,13,745,16.0,46.6,114.5,10,4
7,2025-12-31,14,797,16.0,49.8,114.5,10,4
7,2025-12-31,15,710,16.0,44.4,114.5,9,4
7,2025-12-31,16,697,16.0,43.6,114.5,9,4
7,2025-12-31,17,638,16.0,39.9,114.5,8,4
7,2025-12-31,18,598,16.0,37.4,114.5,8,4
7,2025-12-31,19,569,16.0,35.6,114.5,8,4
11,2025-11-01,20,1265,21.0,60.2,134.5,14,6
11,2025-11-01,21,794,19.0,41.8,134.5,9,5
11,2025-11-01,22,396,14.0,28.3,134.5,5,4
11,2025-11-02,7,512,11.5,44.5,134.5,6,3
11,2025-11-02,8,686,14.0,49.0,134.5,8,4
11,2025-11-02,20,869,14.0,62.1,134.5,10,4
11,2025-11-02,21,649,14.0,46.4,134.5,7,4
11,2025-11-02,22,368,13.0,28.3,134.5,4,3
11,2025-11-03,7,538,11.5,46.8,134.5,6,3
11,2025-11-03,8,724,14.0,51.7,134.5,8,4
11,2025-11-03,9,914,14.0,65.3,134.5,10,4
11,2025-11-03,20,839,14.0,59.9,134.5,9,4
11,2025-11-03,21,614,14.0,43.9,134.5,7,4
11,2025-11-03,22,351,13.0,27.0,134.5,4,3
11,2025-11-04,7,538,11.5,46.8,134.5,6,3
11,2025-11-04,8,724,14.0,51.7,134.5,8,4
11,2025-11-04,9,914,14.0,65.3,134.5,10,4
11,2025-11-04,20,839,14.0,59.9,134.5,9,4
11,2025-11-04,21,614,14.0,43.9,134.5,7,4
11,2025-11-04,22,351,13.0,27.0,134.5,4,3
11,2025-11-05,21,907,19.0,47.7,134.5,10,5
11,2025-11-05,22,439,14.0,31.4,134.5,5,4
11,2025-11-06,21,907,19.0,47.7,134.5,10,5
11,2025-11-06,22,439,14.0,31.4,134.5,5,4
11,2025-11-07,21,902,19.0,47.5,134.5,10,5
11,2025-11-07,22,450,14.0,32.1,134.5,5,4
11,2025-11-08,7,738,12.0,61.5,134.5,8,3
11,2025-11-08,21,764,14.0,54.6,134.5,9,4
11,2025-11-08,22,442,14.0,31.6,134.5,5,4
11,2025-11-09,7,512,11.5,44.5,134.5,6,3
11,2025-11-09,8,686,14.0,49.0,134.5,8,4
11,2025-11-09,20,869,14.0,62.1,134.5,10,4
11,2025-11-09,21,649,14.0,46.4,134.5,7,4
11,2025-11-09,22,368,13.0,28.3,134.5,4,3
11,2025-11-10,21,882,19.0,46.4,134.5,10,5
11,2025-11-10,22,427,14.0,30.5,134.5,5,4
11,2025-11-11,21,907,19.0,47.7,134.5,10,5
11,2025-11-11,22,439,14.0,31.4,134.5,5,4
11,2025-11-12,21,907,19.0,47.7,134.5,10,5
11,2025-11-12,22,439,14.0,31.4,134.5,5,4
11,2025-11-13,21,907,19.0,47.7,134.5,10,5
11,2025-11-13,22,439,14.0,31.4,134.5,5,4
11,2025-11-14,21,902,19.0,47.5,134.5,10,5
11,2025-11-14,22,450,14.0,32.1,134.5,5,4
11,2025-11-15,7,738,12.0,61.5,134.5,8,3
11,2025-11-15,21,764,14.0,54.6,134.5,9,4
11,2025-11-15,22,442,14.0,31.6,134.5,5,4
11,2025-11-16,7,512,11.5,44.5,134.5,6,3
11,2025-11-16,8,686,14.0,49.0,134.5,8,4
11,2025-11-16,20,869,14.0,62.1,134.5,10,4
11,2025-11-16,21,649,14.0,46.4,134.5,7,4
11,2025-11-16,22,368,13.0,28.3,134.5,4,3
11,2025-11-17,21,882,19.0,46.4,134.5,10,5
11,2025-11-17,22,427,14.0,30.5,134.5,5,4
11,2025-11-18,21,907,19.0,47.7,134.5,10,5
11,2025-11-18,22,439,14.0,31.4,134.5,5,4
11,2025-11-19,21,907,19.0,47.7,134.5,10,5
11,2025-11-19,22,439,14.0,31.4,134.5,5,4
11,2025-11-20,21,907,19.0,47.7,134.5,10,5
11,2025-11-20,22,439,14.0,31.4,134.5,5,4
11,2025-11-21,21,902,19.0,47.5,134.5,10,5
11,2025-11-21,22,450,14.0,32.1,134.5,5,4
11,2025-11-22,7,738,12.0,61.5,134.5,8,3
11,2025-11-22,21,764,14.0,54.6,134.5,9,4
11,2025-11-22,22,442,14.0,31.6,134.5,5,4
11,2025-11-23,7,512,11.5,44.5,134.5,6,3
11,2025-11-23,8,686,14.0,49.0,134.5,8,4
11,2025-11-23,20,869,14.0,62.1,134.5,10,4
11,2025-11-23,21,649,14.0,46.4,134.5,7,4
11,2025-11-23,22,368,13.0,28.3,134.5,4,3
11,2025-11-24,21,882,19.0,46.4,134.5,10,5
11,2025-11-24,22,427,14.0,30.5,134.5,5,4
11,2025-11-25,21,907,19.0,47.7,134.5,10,5
11,2025-11-25,22,439,14.0,31.4,134.5,5,4
11,2025-11-26,21,907,19.0,47.7,134.5,10,5
11,2025-11-26,22,439,14.0,31.4,134.5,5,4
11,2025-11-27,21,907,19.0,47.7,134.5,10,5
11,2025-11-27,22,439,14.0,31.4,134.5,5,4
11,2025-11-28,21,902,19.0,47.5,134.5,10,5
11,2025-11-28,22,450,14.0,32.1,134.5,5,4
11,2025-11-29,7,738,12.0,61.5,134.5,8,3
11,2025-11-29,21,764,14.0,54.6,134.5,9,4
11,2025-11-29,22,442,14.0,31.6,134.5,5,4
11,2025-11-30,7,512,11.5,44.5,134.5,6,3
11,2025-11-30,8,686,14.0,49.0,134.5,8,4
11,2025-11-30,20,869,14.0,62.1,134.5,10,4
11,2025-11-30,21,649,14.0,46.4,134.5,7,4
11,2025-11-30,22,368,13.0,28.3,134.5,4,3
11,2025-12-01,21,893,19.0,47.0,134.5,10,5
11,2025-12-01,22,437,14.0,31.2,134.5,5,4
11,2025-12-02,21,918,19.0,48.3,134.5,10,5
11,2025-12-02,22,449,14.0,32.1,134.5,5,4
11,2025-12-03,21,918,19.0,48.3,134.5,10,5
11,2025-12-03,22,449,14.0,32.1,134.5,5,4
11,2025-12-04,21,918,19.0,48.3,134.5,10,5
11,2025-12-04,22,449,14.0,32.1,134.5,5,4
11,2025-12-05,21,907,19.0,47.7,134.5,10,5
11,2025-12-05,22,461,14.0,32.9,134.5,5,4
11,2025-12-06,7,729,12.0,60.8,134.5,8,3
11,2025-12-06,21,765,14.0,54.6,134.5,9,4
11,2025-12-06,22,441,14.0,31.5,134.5,5,4
11,2025-12-07,7,507,11.5,44.1,134.5,6,3
11,2025-12-07,8,672,14.0,48.0,134.5,8,4
11,2025-12-07,9,936,14.0,66.9,134.5,10,4
11,2025-12-07,20,868,14.0,62.0,134.5,10,4
11,2025-12-07,21,645,14.0,46.1,134.5,7,4
11,2025-12-07,22,363,13.0,27.9,134.5,4,3
11,2025-12-08,21,893,19.0,47.0,134.5,10,5
11,2025-12-08,22,437,14.0,31.2,134.5,5,4
11,2025-12-09,21,918,19.0,48.3,134.5,10,5
11,2025-12-09,22,449,14.0,32.1,134.5,5,4
11,2025-12-10,21,918,19.0,48.3,134.5,10,5
11,2025-12-10,22,449,14.0,32.1,134.5,5,4
11,2025-12-11,21,918,19.0,48.3,134.5,10,5
11,2025-12-11,22,449,14.0,32.1,134.5,5,4
11,2025-12-12,21,907,19.0,47.7,134.5,10,5
11,2025-12-12,22,461,14.0,32.9,134.5,5,4
11,2025-12-13,7,729,12.0,60.8,134.5,8,3
11,2025-12-13,21,765,14.0,54.6,134.5,9,4
11,2025-12-13,22,441,14.0,31.5,134.5,5,4
11,2025-12-14,7,507,11.5,44.1,134.5,6,3
11,2025-12-14,8,672,14.0,48.0,134.5,8,4
11,2025-12-14,9,936,14.0,66.9,134.5,10,4
11,2025-12-14,20,868,14.0,62.0,134.5,10,4
11,2025-12-14,21,645,14.0,46.1,134.5,7,4
11,2025-12-14,22,363,13.0,27.9,134.5,4,3
11,2025-12-15,21,893,19.0,47.0,134.5,10,5
11,2025-12-15,22,437,14.0,31.2,134.5,5,4
11,2025-12-16,21,918,19.0,48.3,134.5,10,5
11,2025-12-16,22,449,14.0,32.1,134.5,5,4
11,2025-12-17,21,918,19.0,48.3,134.5,10,5
11,2025-12-17,22,449,14.0,32.1,134.5,5,4
11,2025-12-18,21,918,19.0,48.3,134.5,10,5
11,2025-12-18,22,449,14.0,32.1,134.5,5,4
11,2025-12-19,21,907,19.0,47.7,134.5,10,5
11,2025-12-19,22,461,14.0,32.9,134.5,5,4
11,2025-12-20,7,729,12.0,60.8,134.5,8,3
11,2025-12-20,21,765,14.0,54.6,134.5,9,4
11,2025-12-20,22,441,14.0,31.5,134.5,5,4
11,2025-12-21,7,507,11.5,44.1,134.5,6,3
11,2025-12-21,8,672,14.0,48.0,134.5,8,4
11,2025-12-21,9,936,14.0,66.9,134.5,10,4
11,2025-12-21,20,868,14.0,62.0,134.5,10,4
11,2025-12-21,21,645,14.0,46.1,134.5,7,4
11,2025-12-21,22,363,13.0,27.9,134.5,4,3
11,2025-12-22,21,893,19.0,47.0,134.5,10,5
11,2025-12-22,22,437,14.0,31.2,134.5,5,4
11,2025-12-23,21,918,19.0,48.3,134.5,10,5
11,2025-12-23,22,449,14.0,32.1,134.5,5,4
11,2025-12-24,21,918,19.0,48.3,134.5,10,5
11,2025-12-24,22,449,14.0,32.1,134.5,5,4
11,2025-12-25,21,918,19.0,48.3,134.5,10,5
11,2025-12-25,22,449,14.0,32.1,134.5,5,4
11,2025-12-26,21,907,19.0,47.7,134.5,10,5
11,2025-12-26,22,461,14.0,32.9,134.5,5,4
11,2025-12-27,7,729,12.0,60.8,134.5,8,3
11,2025-12-27,21,765,14.0,54.6,134.5,9,4
11,2025-12-27,22,441,14.0,31.5,134.5,5,4
11,2025-12-28,7,507,11.5,44.1,134.5,6,3
11,2025-12-28,8,672,14.0,48.0,134.5,8,4
11,2025-12-28,9,936,14.0,66.9,134.5,10,4
11,2025-12-28,20,868,14.0,62.0,134.5,10,4
11,2025-12-28,21,645,14.0,46.1,134.5,7,4
11,2025-12-28,22,363,13.0,27.9,134.5,4,3
11,2025-12-29,20,1329,21.0,63.3,134.5,15,6
11,2025-12-29,21,804,19.0,42.3,134.5,9,5
11,2025-12-29,22,393,14.0,28.1,134.5,5,4
11,2025-12-30,20,1289,21.0,61.4,134.5,14,6
11,2025-12-30,21,780,19.0,41.1,134.5,9,5
11,2025-12-30,22,381,14.0,27.2,134.5,5,4
11,2025-12-31,7,394,11.5,34.3,134.5,5,3
11,2025-12-31,8,529,14.0,37.8,134.5,6,4
11,2025-12-31,9,620,14.0,44.3,134.5,7,4
11,2025-12-31,10,724,14.0,51.7,134.5,8,4
11,2025-12-31,17,984,15.0,65.6,134.5,11,4
11,2025-12-31,18,821,15.5,53.0,134.5,9,4
11,2025-12-31,19,741,14.0,52.9,134.5,8,4
12,2025-11-01,20,1263,22.0,57.4,126.5,15,6
12,2025-11-01,21,874,22.0,39.7,126.5,10,6
12,2025-11-01,22,448,19.0,23.6,126.5,6,5
12,2025-11-02,7,631,15.5,40.7,126.5,8,4
12,2025-11-02,8,707,15.5,45.6,126.5,8,4
12,2025-11-02,9,924,15.0,61.6,126.5,11,4
12,2025-11-02,19,973,17.5,55.6,126.5,11,5
12,2025-11-02,20,753,15.0,50.2,126.5,9,4
12,2025-11-02,21,587,15.0,39.1,126.5,7,4
12,2025-11-02,22,391,14.5,27.0,126.5,5,4
12,2025-11-03,7,647,15.5,41.7,126.5,8,4
12,2025-11-03,8,726,15.5,46.8,126.5,9,4
12,2025-11-03,9,911,15.0,60.7,126.5,11,4
12,2025-11-03,19,992,17.5,56.7,126.5,12,5
12,2025-11-03,20,735,15.0,49.0,126.5,9,4
12,2025-11-03,21,558,15.0,37.2,126.5,7,4
12,2025-11-03,22,350,14.5,24.1,126.5,4,4
12,2025-11-04,7,647,15.5,41.7,126.5,8,4
12,2025-11-04,8,726,15.5,46.8,126.5,9,4
12,2025-11-04,9,911,15.0,60.7,126.5,11,4
12,2025-11-04,19,992,17.5,56.7,126.5,12,5
12,2025-11-04,20,735,15.0,49.0,126.5,9,4
12,2025-11-04,21,558,15.0,37.2,126.5,7,4
12,2025-11-04,22,350,14.5,24.1,126.5,4,4
12,2025-11-05,21,945,22.0,43.0,126.5,11,6
12,2025-11-05,22,481,19.0,25.3,126.5,6,5
12,2025-11-06,21,945,22.0,43.0,126.5,11,6
12,2025-11-06,22,481,19.0,25.3,126.5,6,5
12,2025-11-07,21,994,22.0,45.2,126.5,12,6
12,2025-11-07,22,509,19.0,26.8,126.5,6,5
12,2025-11-08,7,844,15.0,56.3,126.5,10,4
12,2025-11-08,20,919,15.0,61.3,126.5,11,4
12,2025-11-08,21,678,15.0,45.2,126.5,8,4
12,2025-11-08,22,400,15.0,26.7,126.5,5,4
12,2025-11-09,7,631,15.5,40.7,126.5,8,4
12,2025-11-09,8,707,15.5,45.6,126.5,8,4
12,2025-11-09,9,924,15.0,61.6,126.5,11,4
12,2025-11-09,19,973,17.5,55.6,126.5,11,5
12,2025-11-09,20,753,15.0,50.2,126.5,9,4
12,2025-11-09,21,587,15.0,39.1,126.5,7,4
12,2025-11-09,22,391,14.5,27.0,126.5,5,4
12,2025-11-10,21,920,22.0,41.8,126.5,11,6
12,2025-11-10,22,468,19.0,24.6,126.5,6,5
12,2025-11-11,21,945,22.0,43.0,126.5,11,6
12,2025-11-11,22,481,19.0,25.3,126.5,6,5
12,2025-11-12,21,945,22.0,43.0,126.5,11,6
12,2025-11-12,22,481,19.0,25.3,126.5,6,5
12,2025-11-13,21,945,22.0,43.0,126.5,11,6
12,2025-11-13,22,481,19.0,25.3,126.5,6,5
12,2025-11-14,21,994,22.0,45.2,126.5,12,6
12,2025-11-14,22,509,19.0,26.8,126.5,6,5
12,2025-11-15,7,844,15.0,56.3,126.5,10,4
12,2025-11-15,20,919,15.0,61.3,126.5,11,4
12,2025-11-15,21,678,15.0,45.2,126.5,8,4
12,2025-11-15,22,400,15.0,26.7,126.5,5,4
12,2025-11-16,7,631,15.5,40.7,126.5,8,4
12,2025-11-16,8,707,15.5,45.6,126.5,8,4
12,2025-11-16,9,924,15.0,61.6,126.5,11,4
12,2025-11-16,19,973,17.5,55.6,126.5,11,5
12,2025-11-16,20,753,15.0,50.2,126.5,9,4
12,2025-11-16,21,587,15.0,39.1,126.5,7,4
12,2025-11-16,22,391,14.5,27.0,126.5,5,4
12,2025-11-17,21,920,22.0,41.8,126.5,11,6
12,2025-11-17,22,468,19.0,24.6,126.5,6,5
12,2025-11-18,21,945,22.0,43.0,126.5,11,6
12,2025-11-18,22,481,19.0,25.3,126.5,6,5
12,2025-11-19,21,945,22.0,43.0,126.5,11,6
12,2025-11-19,22,481,19.0,25.3,126.5,6,5
12,2025-11-20,21,945,22.0,43.0,126.5,11,6
12,2025-11-20,22,481,19.0,25.3,126.5,6,5
12,2025-11-21,21,994,22.0,45.2,126.5,12,6
12,2025-11-21,22,509,19.0,26.8,126.5,6,5
12,2025-11-22,7,844,15.0,56.3,126.5,10,4
12,2025-11-22,20,919,15.0,61.3,126.5,11,4
12,2025-11-22,21,678,15.0,45.2,126.5,8,4
12,2025-11-22,22,400,15.0,26.7,126.5,5,4
12,2025-11-23,7,631,15.5,40.7,126.5,8,4
12,2025-11-23,8,707,15.5,45.6,126.5,8,4
12,2025-11-23,9,924,15.0,61.6,126.5,11,4
12,2025-11-23,19,973,17.5,55.6,126.5,11,5
12,2025-11-23,20,753,15.0,50.2,126.5,9,4
12,2025-11-23,21,587,15.0,39.1,126.5,7,4
12,2025-11-23,22,391,14.5,27.0,126.5,5,4
12,2025-11-24,21,920,22.0,41.8,126.5,11,6
12,2025-11-24,22,468,19.0,24.6,126.5,6,5
12,2025-11-25,21,945,22.0,43.0,126.5,11,6
12,2025-11-25,22,481,19.0,25.3,126.5,6,5
12,2025-11-26,21,945,22.0,43.0,126.5,11,6
12,2025-11-26,22,481,19.0,25.3,126.5,6,5
12,2025-11-27,21,945,22.0,43.0,126.5,11,6
12,2025-11-27,22,481,19.0,25.3,126.5,6,5
12,2025-11-28,21,994,22.0,45.2,126.5,12,6
12,2025-11-28,22,509,19.0,26.8,126.5,6,5
12,2025-11-29,7,844,15.0,56.3,126.5,10,4
12,2025-11-29,20,919,15.0,61.3,126.5,11,4
12,2025-11-29,21,678,15.0,45.2,126.5,8,4
12,2025-11-29,22,400,15.0,26.7,126.5,5,4
12,2025-11-30,7,631,15.5,40.7,126.5,8,4
12,2025-11-30,8,707,15.5,45.6,126.5,8,4
12,2025-11-30,9,924,15.0,61.6,126.5,11,4
12,2025-11-30,19,973,17.5,55.6,126.5,11,5
12,2025-11-30,20,753,15.0,50.2,126.5,9,4
12,2025-11-30,21,587,15.0,39.1,126.5,7,4
12,2025-11-30,22,391,14.5,27.0,126.5,5,4
12,2025-12-01,21,911,22.0,41.4,126.5,11,6
12,2025-12-01,22,464,19.0,24.4,126.5,6,5
12,2025-12-02,21,936,22.0,42.5,126.5,11,6
12,2025-12-02,22,477,19.0,25.1,126.5,6,5
12,2025-12-03,21,936,22.0,42.5,126.5,11,6
12,2025-12-03,22,477,19.0,25.1,126.5,6,5
12,2025-12-04,21,936,22.0,42.5,126.5,11,6
12,2025-12-04,22,477,19.0,25.1,126.5,6,5
12,2025-12-05,21,987,22.0,44.9,126.5,12,6
12,2025-12-05,22,508,19.0,26.7,126.5,6,5
12,2025-12-06,7,838,15.0,55.9,126.5,10,4
12,2025-12-06,8,936,15.0,62.4,126.5,11,4
12,2025-12-06,20,913,15.0,60.9,126.5,11,4
12,2025-12-06,21,660,15.0,44.0,126.5,8,4
12,2025-12-06,22,402,15.0,26.8,126.5,5,4
12,2025-12-07,7,611,15.5,39.4,126.5,7,4
12,2025-12-07,8,698,15.5,45.0,126.5,8,4
12,2025-12-07,9,920,15.0,61.3,126.5,11,4
12,2025-12-07,19,963,17.5,55.0,126.5,11,5
12,2025-12-07,20,737,15.0,49.1,126.5,9,4
12,2025-12-07,21,577,15.0,38.5,126.5,7,4
12,2025-12-07,22,386,14.5,26.6,126.5,5,4
12,2025-12-08,21,911,22.0,41.4,126.5,11,6
12,2025-12-08,22,464,19.0,24.4,126.5,6,5
12,2025-12-09,21,936,22.0,42.5,126.5,11,6
12,2025-12-09,22,477,19.0,25.1,126.5,6,5
12,2025-12-10,21,936,22.0,42.5,126.5,11,6
12,2025-12-10,22,477,19.0,25.1,126.5,6,5
12,2025-12-11,21,936,22.0,42.5,126.5,11,6
12,2025-12-11,22,477,19.0,25.1,126.5,6,5
12,2025-12-12,21,987,22.0,44.9,126.5,12,6
12,2025-12-12,22,508,19.0,26.7,126.5,6,5
12,2025-12-13,7,838,15.0,55.9,126.5,10,4
12,2025-12-13,8,936,15.0,62.4,126.5,11,4
12,2025-12-13,20,913,15.0,60.9,126.5,11,4
12,2025-12-13,21,660,15.0,44.0,126.5,8,4
12,2025-12-13,22,402,15.0,26.8,126.5,5,4
12,2025-12-14,7,611,15.5,39.4,126.5,7,4
12,2025-12-14,8,698,15.5,45.0,126.5,8,4
12,2025-12-14,9,920,15.0,61.3,126.5,11,4
12,2025-12-14,19,963,17.5,55.0,126.5,11,5
12,2025-12-14,20,737,15.0,49.1,126.5,9,4
12,2025-12-14,21,577,15.0,38.5,126.5,7,4
12,2025-12-14,22,386,14.5,26.6,126.5,5,4
12,2025-12-15,21,911,22.0,41.4,126.5,11,6
12,2025-12-15,22,464,19.0,24.4,126.5,6,5
12,2025-12-16,21,936,22.0,42.5,126.5,11,6
12,2025-12-16,22,477,19.0,25.1,126.5,6,5
12,2025-12-17,21,936,22.0,42.5,126.5,11,6
12,2025-12-17,22,477,19.0,25.1,126.5,6,5
12,2025-12-18,21,936,22.0,42.5,126.5,11,6
12,2025-12-18,22,477,19.0,25.1,126.5,6,5
12,2025-12-19,21,987,22.0,44.9,126.5,12,6
12,2025-12-19,22,508,19.0,26.7,126.5,6,5
12,2025-12-20,7,838,15.0,55.9,126.5,10,4
12,2025-12-20,8,936,15.0,62.4,126.5,11,4
12,2025-12-20,20,913,15.0,60.9,126.5,11,4
12,2025-12-20,21,660,15.0,44.0,126.5,8,4
12,2025-12-20,22,402,15.0,26.8,126.5,5,4
12,2025-12-21,7,611,15.5,39.4,126.5,7,4
12,2025-12-21,8,698,15.5,45.0,126.5,8,4
12,2025-12-21,9,920,15.0,61.3,126.5,11,4
12,2025-12-21,19,963,17.5,55.0,126.5,11,5
12,2025-12-21,20,737,15.0,49.1,126.5,9,4
12,2025-12-21,21,577,15.0,38.5,126.5,7,4
12,2025-12-21,22,386,14.5,26.6,126.5,5,4
12,2025-12-22,21,911,22.0,41.4,126.5,11,6
12,2025-12-22,22,464,19.0,24.4,126.5,6,5
12,2025-12-23,21,936,22.0,42.5,126.5,11,6
12,2025-12-23,22,477,19.0,25.1,126.5,6,5
12,2025-12-24,21,936,22.0,42.5,126.5,11,6
12,2025-12-24,22,477,19.0,25.1,126.5,6,5
12,2025-12-25,21,936,22.0,42.5,126.5,11,6
12,2025-12-25,22,477,19.0,25.1,126.5,6,5
12,2025-12-26,21,987,22.0,44.9,126.5,12,6
12,2025-12-26,22,508,19.0,26.7,126.5,6,5
12,2025-12-27,7,838,15.0,55.9,126.5,10,4
12,2025-12-27,8,936,15.0,62.4,126.5,11,4
12,2025-12-27,20,913,15.0,60.9,126.5,11,4
12,2025-12-27,21,660,15.0,44.0,126.5,8,4
12,2025-12-27,22,402,15.0,26.8,126.5,5,4
12,2025-12-28,7,611,15.5,39.4,126.5,7,4
12,2025-12-28,8,698,15.5,45.0,126.5,8,4
12,2025-12-28,9,920,15.0,61.3,126.5,11,4
12,2025-12-28,19,963,17.5,55.0,126.5,11,5
12,2025-12-28,20,737,15.0,49.1,126.5,9,4
12,2025-12-28,21,577,15.0,38.5,126.5,7,4
12,2025-12-28,22,386,14.5,26.6,126.5,5,4
12,2025-12-29,20,1363,22.0,62.0,126.5,16,6
12,2025-12-29,21,820,22.0,37.3,126.5,10,6
12,2025-12-29,22,418,19.0,22.0,126.5,5,5
12,2025-12-30,20,1323,22.0,60.1,126.5,15,6
12,2025-12-30,21,796,22.0,36.2,126.5,9,6
12,2025-12-30,22,406,19.0,21.4,126.5,5,5
12,2025-12-31,7,453,15.5,29.2,126.5,6,4
12,2025-12-31,8,506,15.5,32.6,126.5,6,4
12,2025-12-31,9,615,15.0,41.0,126.5,7,4
12,2025-12-31,10,758,17.0,44.6,126.5,9,5
12,2025-12-31,11,826,18.0,45.9,126.5,10,5
12,2025-12-31,12,833,16.0,52.1,126.5,10,4
12,2025-12-31,14,879,14.5,60.6,126.5,10,4
12,2025-12-31,15,842,15.5,54.3,126.5,10,4
12,2025-12-31,16,884,17.0,52.0,126.5,10,5
12,2025-12-31,17,811,18.0,45.1,126.5,10,5
12,2025-12-31,18,775,18.0,43.1,126.5,9,5
12,2025-12-31,19,697,17.5,39.8,126.5,8,5
17,2025-11-01,20,2049,25.0,82.0,174.1,17,7
17,2025-11-01,21,1381,22.5,61.4,174.1,12,6
17,2025-11-01,22,734,18.5,39.7,174.1,7,5
17,2025-11-02,7,791,16.0,49.4,174.1,7,4
17,2025-11-02,8,1225,19.5,62.8,174.1,11,5
17,2025-11-02,9,1674,21.0,79.7,174.1,14,6
17,2025-11-02,21,1165,13.5,86.3,174.1,10,3
17,2025-11-02,22,731,13.0,56.2,174.1,6,3
17,2025-11-03,7,854,16.0,53.4,174.1,8,4
17,2025-11-03,8,1274,19.5,65.3,174.1,11,5
17,2025-11-03,9,1684,21.0,80.2,174.1,14,6
17,2025-11-03,21,1118,13.5,82.8,174.1,10,3
17,2025-11-03,22,705,13.0,54.2,174.1,6,3
17,2025-11-04,7,854,16.0,53.4,174.1,8,4
17,2025-11-04,8,1274,19.5,65.3,174.1,11,5
17,2025-11-04,9,1684,21.0,80.2,174.1,14,6
17,2025-11-04,21,1118,13.5,82.8,174.1,10,3
17,2025-11-04,22,705,13.0,54.2,174.1,6,3
17,2025-11-05,21,1497,22.5,66.5,174.1,13,6
17,2025-11-05,22,768,18.5,41.5,174.1,7,5
17,2025-11-06,21,1497,22.5,66.5,174.1,13,6
17,2025-11-06,22,768,18.5,41.5,174.1,7,5
17,2025-11-07,21,1570,22.5,69.8,174.1,13,6
17,2025-11-07,22,834,18.5,45.1,174.1,7,5
17,2025-11-08,7,1156,15.5,74.6,174.1,10,4
17,2025-11-08,8,1673,20.0,83.6,174.1,14,6
17,2025-11-08,22,863,13.0,66.4,174.1,8,3
17,2025-11-09,7,791,16.0,49.4,174.1,7,4
17,2025-11-09,8,1225,19.5,62.8,174.1,11,5
17,2025-11-09,9,1674,21.0,79.7,174.1,14,6
17,2025-11-09,21,1165,13.5,86.3,174.1,10,3
17,2025-11-09,22,731,13.0,56.2,174.1,6,3
17,2025-11-10,21,1457,22.5,64.8,174.1,12,6
17,2025-11-10,22,748,18.5,40.4,174.1,7,5
17,2025-11-11,21,1497,22.5,66.5,174.1,13,6
17,2025-11-11,22,768,18.5,41.5,174.1,7,5
17,2025-11-12,21,1497,22.5,66.5,174.1,13,6
17,2025-11-12,22,768,18.5,41.5,174.1,7,5
17,2025-11-13,21,1497,22.5,66.5,174.1,13,6
17,2025-11-13,22,768,18.5,41.5,174.1,7,5
17,2025-11-14,21,1570,22.5,69.8,174.1,13,6
17,2025-11-14,22,834,18.5,45.1,174.1,7,5
17,2025-11-15,7,1156,15.5,74.6,174.1,10,4
17,2025-11-15,8,1673,20.0,83.6,174.1,14,6
17,2025-11-15,22,863,13.0,66.4,174.1,8,3
17,2025-11-16,7,791,16.0,49.4,174.1,7,4
17,2025-11-16,8,1225,19.5,62.8,174.1,11,5
17,2025-11-16,9,1674,21.0,79.7,174.1,14,6
17,2025-11-16,21,1165,13.5,86.3,174.1,10,3
17,2025-11-16,22,731,13.0,56.2,174.1,6,3
17,2025-11-17,21,1457,22.5,64.8,174.1,12,6
17,2025-11-17,22,748,18.5,40.4,174.1,7,5
17,2025-11-18,21,1497,22.5,66.5,174.1,13,6
17,2025-11-18,22,768,18.5,41.5,174.1,7,5
17,2025-11-19,21,1497,22.5,66.5,174.1,13,6
17,2025-11-19,22,768,18.5,41.5,174.1,7,5
17,2025-11-20,21,1497,22.5,66.5,174.1,13,6
17,2025-11-20,22,768,18.5,41.5,174.1,7,5
17,2025-11-21,21,1570,22.5,69.8,174.1,13,6
17,2025-11-21,22,834,18.5,45.1,174.1,7,5
17,2025-11-22,7,1156,15.5,74.6,174.1,10,4
17,2025-11-22,8,1673,20.0,83.6,174.1,14,6
17,2025-11-22,22,863,13.0,66.4,174.1,8,3
17,2025-11-23,7,791,16.0,49.4,174.1,7,4
17,2025-11-23,8,1225,19.5,62.8,174.1,11,5
17,2025-11-23,9,1674,21.0,79.7,174.1,14,6
17,2025-11-23,21,1165,13.5,86.3,174.1,10,3
17,2025-11-23,22,731,13.0,56.2,174.1,6,3
17,2025-11-24,21,1457,22.5,64.8,174.1,12,6
17,2025-11-24,22,748,18.5,40.4,174.1,7,5
17,2025-11-25,21,1497,22.5,66.5,174.1,13,6
17,2025-11-25,22,768,18.5,41.5,174.1,7,5
17,2025-11-26,21,1497,22.5,66.5,174.1,13,6
17,2025-11-26,22,768,18.5,41.5,174.1,7,5
17,2025-11-27,21,1497,22.5,66.5,174.1,13,6
17,2025-11-27,22,768,18.5,41.5,174.1,7,5
17,2025-11-28,21,1570,22.5,69.8,174.1,13,6
17,2025-11-28,22,834,18.5,45.1,174.1,7,5
17,2025-11-29,7,1156,15.5,74.6,174.1,10,4
17,2025-11-29,8,1673,20.0,83.6,174.1,14,6
17,2025-11-29,22,863,13.0,66.4,174.1,8,3
17,2025-11-30,7,791,16.0,49.4,174.1,7,4
17,2025-11-30,8,1225,19.5,62.8,174.1,11,5
17,2025-11-30,9,1674,21.0,79.7,174.1,14,6
17,2025-11-30,21,1165,13.5,86.3,174.1,10,3
17,2025-11-30,22,731,13.0,56.2,174.1,6,3
17,2025-12-01,21,1458,22.5,64.8,174.1,12,6
17,2025-12-01,22,758,18.5,41.0,174.1,7,5
17,2025-12-02,21,1499,22.5,66.6,174.1,13,6
17,2025-12-02,22,779,18.5,42.1,174.1,7,5
17,2025-12-03,21,1499,22.5,66.6,174.1,13,6
17,2025-12-03,22,779,18.5,42.1,174.1,7,5
17,2025-12-04,21,1499,22.5,66.6,174.1,13,6
17,2025-12-04,22,779,18.5,42.1,174.1,7,5
17,2025-12-05,21,1569,22.5,69.7,174.1,13,6
17,2025-12-05,22,849,18.5,45.9,174.1,7,5
17,2025-12-06,7,1142,15.5,73.7,174.1,10,4
17,2025-12-06,8,1659,20.0,83.0,174.1,14,6
17,2025-12-06,22,874,13.0,67.2,174.1,8,3
17,2025-12-07,7,777,16.0,48.6,174.1,7,4
17,2025-12-07,8,1218,19.5,62.5,174.1,10,5
17,2025-12-07,9,1665,21.0,79.3,174.1,14,6
17,2025-12-07,21,1161,13.5,86.0,174.1,10,3
17,2025-12-07,22,733,13.0,56.4,174.1,7,3
17,2025-12-08,21,1458,22.5,64.8,174.1,12,6
17,2025-12-08,22,758,18.5,41.0,174.1,7,5
17,2025-12-09,21,1499,22.5,66.6,174.1,13,6
17,2025-12-09,22,779,18.5,42.1,174.1,7,5
17,2025-12-10,21,1499,22.5,66.6,174.1,13,6
17,2025-12-10,22,779,18.5,42.1,174.1,7,5
17,2025-12-11,21,1499,22.5,66.6,174.1,13,6
17,2025-12-11,22,779,18.5,42.1,174.1,7,5
17,2025-12-12,21,1569,22.5,69.7,174.1,13,6
17,2025-12-12,22,849,18.5,45.9,174.1,7,5
17,2025-12-13,7,1142,15.5,73.7,174.1,10,4
17,2025-12-13,8,1659,20.0,83.0,174.1,14,6
17,2025-12-13,22,874,13.0,67.2,174.1,8,3
17,2025-12-14,7,777,16.0,48.6,174.1,7,4
17,2025-12-14,8,1218,19.5,62.5,174.1,10,5
17,2025-12-14,9,1665,21.0,79.3,174.1,14,6
17,2025-12-14,21,1161,13.5,86.0,174.1,10,3
17,2025-12-14,22,733,13.0,56.4,174.1,7,3
17,2025-12-15,21,1458,22.5,64.8,174.1,12,6
17,2025-12-15,22,758,18.5,41.0,174.1,7,5
17,2025-12-16,21,1499,22.5,66.6,174.1,13,6
17,2025-12-16,22,779,18.5,42.1,174.1,7,5
17,2025-12-17,21,1499,22.5,66.6,174.1,13,6
17,2025-12-17,22,779,18.5,42.1,174.1,7,5
17,2025-12-18,21,1499,22.5,66.6,174.1,13,6
17,2025-12-18,22,779,18.5,42.1,174.1,7,5
17,2025-12-19,21,1569,22.5,69.7,174.1,13,6
17,2025-12-19,22,849,18.5,45.9,174.1,7,5
17,2025-12-20,7,1142,15.5,73.7,174.1,10,4
17,2025-12-20,8,1659,20.0,83.0,174.1,14,6
17,2025-12-20,22,874,13.0,67.2,174.1,8,3
17,2025-12-21,7,777,16.0,48.6,174.1,7,4
17,2025-12-21,8,1218,19.5,62.5,174.1,10,5
17,2025-12-21,9,1665,21.0,79.3,174.1,14,6
17,2025-12-21,21,1161,13.5,86.0,174.1,10,3
17,2025-12-21,22,733,13.0,56.4,174.1,7,3
17,2025-12-22,21,1458,22.5,64.8,174.1,12,6
17,2025-12-22,22,758,18.5,41.0,174.1,7,5
17,2025-12-23,21,1499,22.5,66.6,174.1,13,6
17,2025-12-23,22,779,18.5,42.1,174.1,7,5
17,2025-12-24,21,1499,22.5,66.6,174.1,13,6
17,2025-12-24,22,779,18.5,42.1,174.1,7,5
17,2025-12-25,21,1499,22.5,66.6,174.1,13,6
17,2025-12-25,22,779,18.5,42.1,174.1,7,5
17,2025-12-26,21,1569,22.5,69.7,174.1,13,6
17,2025-12-26,22,849,18.5,45.9,174.1,7,5
17,2025-12-27,7,1142,15.5,73.7,174.1,10,4
17,2025-12-27,8,1659,20.0,83.0,174.1,14,6
17,2025-12-27,22,874,13.0,67.2,174.1,8,3
17,2025-12-28,7,777,16.0,48.6,174.1,7,4
17,2025-12-28,8,1218,19.5,62.5,174.1,10,5
17,2025-12-28,9,1665,21.0,79.3,174.1,14,6
17,2025-12-28,21,1161,13.5,86.0,174.1,10,3
17,2025-12-28,22,733,13.0,56.4,174.1,7,3
17,2025-12-29,20,2137,25.0,85.5,174.1,18,7
17,2025-12-29,21,1313,22.5,58.4,174.1,11,6
17,2025-12-29,22,682,18.5,36.9,174.1,6,5
17,2025-12-30,20,2074,25.0,83.0,174.1,18,7
17,2025-12-30,21,1274,22.5,56.6,174.1,11,6
17,2025-12-30,22,662,18.5,35.8,174.1,6,5
17,2025-12-31,7,618,16.0,38.6,174.1,6,4
17,2025-12-31,8,897,19.5,46.0,174.1,8,5
17,2025-12-31,9,1154,21.0,55.0,174.1,10,6
17,2025-12-31,10,1320,21.0,62.9,174.1,11,6
17,2025-12-31,11,1604,21.0,76.4,174.1,14,6
17,2025-12-31,12,1806,23.0,78.5,174.1,15,6
17,2025-12-31,13,1914,23.0,83.2,174.1,16,6
17,2025-12-31,16,1953,24.0,81.4,174.1,17,7
17,2025-12-31,17,1754,22.0,79.7,174.1,15,6
17,2025-12-31,18,1562,21.0,74.4,174.1,13,6
17,2025-12-31,19,1263,19.0,66.5,174.1,11,5
25,2025-11-01,20,291,7.0,41.6,94.2,5,2
25,2025-11-01,21,191,7.0,27.3,94.2,3,2
25,2025-11-01,22,120,6.0,20.0,94.2,2,1
25,2025-11-02,7,99,5.0,19.8,94.2,2,1
25,2025-11-02,8,194,6.0,32.3,94.2,3,1
25,2025-11-02,9,219,6.0,36.5,94.2,4,1
25,2025-11-02,10,229,6.0,38.2,94.2,4,1
25,2025-11-02,20,228,6.0,38.0,94.2,4,1
25,2025-11-02,21,181,6.0,30.2,94.2,3,1
25,2025-11-02,22,106,5.0,21.2,94.2,2,1
25,2025-11-03,7,101,5.0,20.2,94.2,2,1
25,2025-11-03,8,211,6.0,35.2,94.2,4,1
25,2025-11-03,9,211,6.0,35.2,94.2,4,1
25,2025-11-03,10,225,6.0,37.5,94.2,4,1
25,2025-11-03,20,212,6.0,35.3,94.2,4,1
25,2025-11-03,21,170,6.0,28.3,94.2,3,1
25,2025-11-03,22,103,5.0,20.6,94.2,2,1
25,2025-11-04,7,101,5.0,20.2,94.2,2,1
25,2025-11-04,8,211,6.0,35.2,94.2,4,1
25,2025-11-04,9,211,6.0,35.2,94.2,4,1
25,2025-11-04,10,225,6.0,37.5,94.2,4,1
25,2025-11-04,20,212,6.0,35.3,94.2,4,1
25,2025-11-04,21,170,6.0,28.3,94.2,3,1
25,2025-11-04,22,103,5.0,20.6,94.2,2,1
25,2025-11-05,21,219,7.0,31.3,94.2,4,2
25,2025-11-05,22,120,6.0,20.0,94.2,2,1
25,2025-11-06,21,219,7.0,31.3,94.2,4,2
25,2025-11-06,22,120,6.0,20.0,94.2,2,1
25,2025-11-07,21,217,7.0,31.0,94.2,4,2
25,2025-11-07,22,136,6.0,22.7,94.2,3,1
25,2025-11-08,7,128,5.0,25.6,94.2,2,1
25,2025-11-08,9,256,6.0,42.7,94.2,4,1
25,2025-11-08,10,278,6.0,46.3,94.2,5,1
25,2025-11-08,20,248,6.0,41.3,94.2,4,1
25,2025-11-08,21,201,6.0,33.5,94.2,4,1
25,2025-11-08,22,127,4.5,28.2,94.2,2,1
25,2025-11-09,7,99,5.0,19.8,94.2,2,1
25,2025-11-09,8,194,6.0,32.3,94.2,3,1
25,2025-11-09,9,219,6.0,36.5,94.2,4,1
25,2025-11-09,10,229,6.0,38.2,94.2,4,1
25,2025-11-09,20,228,6.0,38.0,94.2,4,1
25,2025-11-09,21,181,6.0,30.2,94.2,3,1
25,2025-11-09,22,106,5.0,21.2,94.2,2,1
25,2025-11-10,20,321,7.0,45.9,94.2,5,2
25,2025-11-10,21,213,7.0,30.4,94.2,4,2
25,2025-11-10,22,116,6.0,19.3,94.2,2,1
25,2025-11-11,21,219,7.0,31.3,94.2,4,2
25,2025-11-11,22,120,6.0,20.0,94.2,2,1
25,2025-11-12,21,219,7.0,31.3,94.2,4,2
25,2025-11-12,22,120,6.0,20.0,94.2,2,1
25,2025-11-13,21,219,7.0,31.3,94.2,4,2
25,2025-11-13,22,120,6.0,20.0,94.2,2,1
25,2025-11-14,21,217,7.0,31.0,94.2,4,2
25,2025-11-14,22,136,6.0,22.7,94.2,3,1
25,2025-11-15,7,128,5.0,25.6,94.2,2,1
25,2025-11-15,9,256,6.0,42.7,94.2,4,1
25,2025-11-15,10,278,6.0,46.3,94.2,5,1
25,2025-11-15,20,248,6.0,41.3,94.2,4,1
25,2025-11-15,21,201,6.0,33.5,94.2,4,1
25,2025-11-15,22,127,4.5,28.2,94.2,2,1
25,2025-11-16,7,99,5.0,19.8,94.2,2,1
25,2025-11-16,8,194,6.0,32.3,94.2,3,1
25,2025-11-16,9,219,6.0,36.5,94.2,4,1
25,2025-11-16,10,229,6.0,38.2,94.2,4,1
25,2025-11-16,20,228,6.0,38.0,94.2,4,1
25,2025-11-16,21,181,6.0,30.2,94.2,3,1
25,2025-11-16,22,106,5.0,21.2,94.2,2,1
25,2025-11-17,20,321,7.0,45.9,94.2,5,2
25,2025-11-17,21,213,7.0,30.4,94.2,4,2
25,2025-11-17,22,116,6.0,19.3,94.2,2,1
25,2025-11-18,21,219,7.0,31.3,94.2,4,2
25,2025-11-18,22,120,6.0,20.0,94.2,2,1
25,2025-11-19,21,219,7.0,31.3,94.2,4,2
25,2025-11-19,22,120,6.0,20.0,94.2,2,1
25,2025-11-20,21,219,7.0,31.3,94.2,4,2
25,2025-11-20,22,120,6.0,20.0,94.2,2,1
25,2025-11-21,21,217,7.0,31.0,94.2,4,2
25,2025-11-21,22,136,6.0,22.7,94.2,3,1
25,2025-11-22,7,128,5.0,25.6,94.2,2,1
25,2025-11-22,9,256,6.0,42.7,94.2,4,1
25,2025-11-22,10,278,6.0,46.3,94.2,5,1
25,2025-11-22,20,248,6.0,41.3,94.2,4,1
25,2025-11-22,21,201,6.0,33.5,94.2,4,1
25,2025-11-22,22,127,4.5,28.2,94.2,2,1
25,2025-11-23,7,99,5.0,19.8,94.2,2,1
25,2025-11-23,8,194,6.0,32.3,94.2,3,1
25,2025-11-23,9,219,6.0,36.5,94.2,4,1
25,2025-11-23,10,229,6.0,38.2,94.2,4,1
25,2025-11-23,20,228,6.0,38.0,94.2,4,1
25,2025-11-23,21,181,6.0,30.2,94.2,3,1
25,2025-11-23,22,106,5.0,21.2,94.2,2,1
25,2025-11-24,20,321,7.0,45.9,94.2,5,2
25,2025-11-24,21,213,7.0,30.4,94.2,4,2
25,2025-11-24,22,116,6.0,19.3,94.2,2,1
25,2025-11-25,21,219,7.0,31.3,94.2,4,2
25,2025-11-25,22,120,6.0,20.0,94.2,2,1
25,2025-11-26,21,219,7.0,31.3,94.2,4,2
25,2025-11-26,22,120,6.0,20.0,94.2,2,1
25,2025-11-27,21,219,7.0,31.3,94.2,4,2
25,2025-11-27,22,120,6.0,20.0,94.2,2,1
25,2025-11-28,21,217,7.0,31.0,94.2,4,2
25,2025-11-28,22,136,6.0,22.7,94.2,3,1
25,2025-11-29,7,128,5.0,25.6,94.2,2,1
25,2025-11-29,9,256,6.0,42.7,94.2,4,1
25,2025-11-29,10,278,6.0,46.3,94.2,5,1
25,2025-11-29,20,248,6.0,41.3,94.2,4,1
25,2025-11-29,21,201,6.0,33.5,94.2,4,1
25,2025-11-29,22,127,4.5,28.2,94.2,2,1
25,2025-11-30,7,99,5.0,19.8,94.2,2,1
25,2025-11-30,8,194,6.0,32.3,94.2,3,1
25,2025-11-30,9,219,6.0,36.5,94.2,4,1
25,2025-11-30,10,229,6.0,38.2,94.2,4,1
25,2025-11-30,20,228,6.0,38.0,94.2,4,1
25,2025-11-30,21,181,6.0,30.2,94.2,3,1
25,2025-11-30,22,106,5.0,21.2,94.2,2,1
25,2025-12-01,20,322,7.0,46.0,94.2,5,2
25,2025-12-01,21,210,7.0,30.0,94.2,4,2
25,2025-12-01,22,122,6.0,20.3,94.2,2,1
25,2025-12-02,21,216,7.0,30.9,94.2,4,2
25,2025-12-02,22,125,6.0,20.8,94.2,2,1
25,2025-12-03,21,216,7.0,30.9,94.2,4,2
25,2025-12-03,22,125,6.0,20.8,94.2,2,1
25,2025-12-04,21,216,7.0,30.9,94.2,4,2
25,2025-12-04,22,125,6.0,20.8,94.2,2,1
25,2025-12-05,21,217,7.0,31.0,94.2,4,2
25,2025-12-05,22,142,6.0,23.7,94.2,3,1
25,2025-12-06,7,128,5.0,25.6,94.2,2,1
25,2025-12-06,9,254,6.0,42.3,94.2,4,1
25,2025-12-06,10,277,6.0,46.2,94.2,5,1
25,2025-12-06,20,247,6.0,41.2,94.2,4,1
25,2025-12-06,21,202,6.0,33.7,94.2,4,1
25,2025-12-06,22,130,4.5,28.9,94.2,2,1
25,2025-12-07,7,99,5.0,19.8,94.2,2,1
25,2025-12-07,8,194,6.0,32.3,94.2,3,1
25,2025-12-07,9,220,6.0,36.7,94.2,4,1
25,2025-12-07,10,230,6.0,38.3,94.2,4,1
25,2025-12-07,20,226,6.0,37.7,94.2,4,1
25,2025-12-07,21,187,6.0,31.2,94.2,3,1
25,2025-12-07,22,108,5.0,21.6,94.2,2,1
25,2025-12-08,20,322,7.0,46.0,94.2,5,2
25,2025-12-08,21,210,7.0,30.0,94.2,4,2
25,2025-12-08,22,122,6.0,20.3,94.2,2,1
25,2025-12-09,21,216,7.0,30.9,94.2,4,2
25,2025-12-09,22,125,6.0,20.8,94.2,2,1
25,2025-12-10,21,216,7.0,30.9,94.2,4,2
25,2025-12-10,22,125,6.0,20.8,94.2,2,1
25,2025-12-11,21,216,7.0,30.9,94.2,4,2
25,2025-12-11,22,125,6.0,20.8,94.2,2,1
25,2025-12-12,21,217,7.0,31.0,94.2,4,2
25,2025-12-12,22,142,6.0,23.7,94.2,3,1
25,2025-12-13,7,128,5.0,25.6,94.2,2,1
25,2025-12-13,9,254,6.0,42.3,94.2,4,1
25,2025-12-13,10,277,6.0,46.2,94.2,5,1
25,2025-12-13,20,247,6.0,41.2,94.2,4,1
25,2025-12-13,21,202,6.0,33.7,94.2,4,1
25,2025-12-13,22,130,4.5,28.9,94.2,2,1
25,2025-12-14,7,99,5.0,19.8,94.2,2,1
25,2025-12-14,8,194,6.0,32.3,94.2,3,1
25,2025-12-14,9,220,6.0,36.7,94.2,4,1
25,2025-12-14,10,230,6.0,38.3,94.2,4,1
25,2025-12-14,20,226,6.0,37.7,94.2,4,1
25,2025-12-14,21,187,6.0,31.2,94.2,3,1
25,2025-12-14,22,108,5.0,21.6,94.2,2,1
25,2025-12-15,20,322,7.0,46.0,94.2,5,2
25,2025-12-15,21,210,7.0,30.0,94.2,4,2
25,2025-12-15,22,122,6.0,20.3,94.2,2,1
25,2025-12-16,21,216,7.0,30.9,94.2,4,2
25,2025-12-16,22,125,6.0,20.8,94.2,2,1
25,2025-12-17,21,216,7.0,30.9,94.2,4,2
25,2025-12-17,22,125,6.0,20.8,94.2,2,1
25,2025-12-18,21,216,7.0,30.9,94.2,4,2
25,2025-12-18,22,125,6.0,20.8,94.2,2,1
25,2025-12-19,21,217,7.0,31.0,94.2,4,2
25,2025-12-19,22,142,6.0,23.7,94.2,3,1
25,2025-12-20,7,128,5.0,25.6,94.2,2,1
25,2025-12-20,9,254,6.0,42.3,94.2,4,1
25,2025-12-20,10,277,6.0,46.2,94.2,5,1
25,2025-12-20,20,247,6.0,41.2,94.2,4,1
25,2025-12-20,21,202,6.0,33.7,94.2,4,1
25,2025-12-20,22,130,4.5,28.9,94.2,2,1
25,2025-12-21,7,99,5.0,19.8,94.2,2,1
25,2025-12-21,8,194,6.0,32.3,94.2,3,1
25,2025-12-21,9,220,6.0,36.7,94.2,4,1
25,2025-12-21,10,230,6.0,38.3,94.2,4,1
25,2025-12-21,20,226,6.0,37.7,94.2,4,1
25,2025-12-21,21,187,6.0,31.2,94.2,3,1
25,2025-12-21,22,108,5.0,21.6,94.2,2,1
25,2025-12-22,20,322,7.0,46.0,94.2,5,2
25,2025-12-22,21,210,7.0,30.0,94.2,4,2
25,2025-12-22,22,122,6.0,20.3,94.2,2,1
25,2025-12-23,21,216,7.0,30.9,94.2,4,2
25,2025-12-23,22,125,6.0,20.8,94.2,2,1
25,2025-12-24,21,216,7.0,30.9,94.2,4,2
25,2025-12-24,22,125,6.0,20.8,94.2,2,1
25,2025-12-25,21,216,7.0,30.9,94.2,4,2
25,2025-12-25,22,125,6.0,20.8,94.2,2,1
25,2025-12-26,21,217,7.0,31.0,94.2,4,2
25,2025-12-26,22,142,6.0,23.7,94.2,3,1
25,2025-12-27,7,128,5.0,25.6,94.2,2,1
25,2025-12-27,9,254,6.0,42.3,94.2,4,1
25,2025-12-27,10,277,6.0,46.2,94.2,5,1
25,2025-12-27,20,247,6.0,41.2,94.2,4,1
25,2025-12-27,21,202,6.0,33.7,94.2,4,1
25,2025-12-27,22,130,4.5,28.9,94.2,2,1
25,2025-12-28,7,99,5.0,19.8,94.2,2,1
25,2025-12-28,8,194,6.0,32.3,94.2,3,1
25,2025-12-28,9,220,6.0,36.7,94.2,4,1
25,2025-12-28,10,230,6.0,38.3,94.2,4,1
25,2025-12-28,20,226,6.0,37.7,94.2,4,1
25,2025-12-28,21,187,6.0,31.2,94.2,3,1
25,2025-12-28,22,108,5.0,21.6,94.2,2,1
25,2025-12-29,20,290,7.0,41.4,94.2,5,2
25,2025-12-29,21,189,7.0,27.0,94.2,3,2
25,2025-12-29,22,110,6.0,18.3,94.2,2,1
25,2025-12-30,20,281,7.0,40.1,94.2,5,2
25,2025-12-30,21,184,7.0,26.3,94.2,3,2
25,2025-12-30,22,106,6.0,17.7,94.2,2,1
25,2025-12-31,7,69,5.0,13.8,94.2,2,1
25,2025-12-31,8,153,6.0,25.5,94.2,3,1
25,2025-12-31,9,137,6.0,22.8,94.2,3,1
25,2025-12-31,10,150,6.0,25.0,94.2,3,1
25,2025-12-31,11,196,6.0,32.7,94.2,3,1
25,2025-12-31,12,216,6.0,36.0,94.2,4,1
25,2025-12-31,17,263,6.0,43.8,94.2,4,1
25,2025-12-31,18,234,6.0,39.0,94.2,4,1
25,2025-12-31,19,205,6.0,34.2,94.2,4,1
26,2025-11-01,20,663,13.0,51.0,115.3,9,3
26,2025-11-01,21,425,12.0,35.4,115.3,6,3
26,2025-11-01,22,196,10.0,19.6,115.3,3,3
26,2025-11-02,7,259,10.0,25.9,115.3,4,3
26,2025-11-02,8,407,12.0,33.9,115.3,6,3
26,2025-11-02,9,571,12.0,47.6,115.3,8,3
26,2025-11-02,10,650,13.0,50.0,115.3,9,3
26,2025-11-02,18,759,14.0,54.2,115.3,10,4
26,2025-11-02,19,571,13.0,43.9,115.3,8,3
26,2025-11-02,20,442,12.0,36.8,115.3,6,3
26,2025-11-02,21,314,11.0,28.5,115.3,4,3
26,2025-11-02,22,203,10.0,20.3,115.3,3,3
26,2025-11-03,7,269,10.0,26.9,115.3,4,3
26,2025-11-03,8,431,12.0,35.9,115.3,6,3
26,2025-11-03,9,540,12.0,45.0,115.3,7,3
26,2025-11-03,10,641,13.0,49.3,115.3,8,3
26,2025-11-03,17,766,14.0,54.7,115.3,10,4
26,2025-11-03,18,708,14.0,50.6,115.3,9,4
26,2025-11-03,19,571,13.0,43.9,115.3,8,3
26,2025-11-03,20,429,12.0,35.8,115.3,6,3
26,2025-11-03,21,295,11.0,26.8,115.3,4,3
26,2025-11-03,22,182,10.0,18.2,115.3,3,3
26,2025-11-04,7,269,10.0,26.9,115.3,4,3
26,2025-11-04,8,431,12.0,35.9,115.3,6,3
26,2025-11-04,9,540,12.0,45.0,115.3,7,3
26,2025-11-04,10,641,13.0,49.3,115.3,8,3
26,2025-11-04,17,766,14.0,54.7,115.3,10,4
26,2025-11-04,18,708,14.0,50.6,115.3,9,4
26,2025-11-04,19,571,13.0,43.9,115.3,8,3
26,2025-11-04,20,429,12.0,35.8,115.3,6,3
26,2025-11-04,21,295,11.0,26.8,115.3,4,3
26,2025-11-04,22,182,10.0,18.2,115.3,3,3
26,2025-11-05,21,508,12.0,42.3,115.3,7,3
26,2025-11-05,22,229,10.0,22.9,115.3,3,3
26,2025-11-06,21,508,12.0,42.3,115.3,7,3
26,2025-11-06,22,229,10.0,22.9,115.3,3,3
26,2025-11-07,21,483,12.0,40.2,115.3,6,3
26,2025-11-07,22,223,10.0,22.3,115.3,3,3
26,2025-11-08,7,377,10.0,37.7,115.3,5,3
26,2025-11-08,8,612,12.0,51.0,115.3,8,3
26,2025-11-08,19,775,13.5,57.4,115.3,10,3
26,2025-11-08,20,565,11.5,49.1,115.3,7,3
26,2025-11-08,21,378,11.0,34.4,115.3,5,3
26,2025-11-08,22,220,10.0,22.0,115.3,3,3
26,2025-11-09,7,259,10.0,25.9,115.3,4,3
26,2025-11-09,8,407,12.0,33.9,115.3,6,3
26,2025-11-09,9,571,12.0,47.6,115.3,8,3
26,2025-11-09,10,650,13.0,50.0,115.3,9,3
26,2025-11-09,18,759,14.0,54.2,115.3,10,4
26,2025-11-09,19,571,13.0,43.9,115.3,8,3
26,2025-11-09,20,442,12.0,36.8,115.3,6,3
26,2025-11-09,21,314,11.0,28.5,115.3,4,3
26,2025-11-09,22,203,10.0,20.3,115.3,3,3
26,2025-11-10,21,495,12.0,41.2,115.3,7,3
26,2025-11-10,22,223,10.0,22.3,115.3,3,3
26,2025-11-11,21,508,12.0,42.3,115.3,7,3
26,2025-11-11,22,229,10.0,22.9,115.3,3,3
26,2025-11-12,21,508,12.0,42.3,115.3,7,3
26,2025-11-12,22,229,10.0,22.9,115.3,3,3
26,2025-11-13,21,508,12.0,42.3,115.3,7,3
26,2025-11-13,22,229,10.0,22.9,115.3,3,3
26,2025-11-14,21,483,12.0,40.2,115.3,6,3
26,2025-11-14,22,223,10.0,22.3,115.3,3,3
26,2025-11-15,7,377,10.0,37.7,115.3,5,3
26,2025-11-15,8,612,12.0,51.0,115.3,8,3
26,2025-11-15,19,775,13.5,57.4,115.3,10,3
26,2025-11-15,20,565,11.5,49.1,115.3,7,3
26,2025-11-15,21,378,11.0,34.4,115.3,5,3
26,2025-11-15,22,220,10.0,22.0,115.3,3,3
26,2025-11-16,7,259,10.0,25.9,115.3,4,3
26,2025-11-16,8,407,12.0,33.9,115.3,6,3
26,2025-11-16,9,571,12.0,47.6,115.3,8,3
26,2025-11-16,10,650,13.0,50.0,115.3,9,3
26,2025-11-16,18,759,14.0,54.2,115.3,10,4
26,2025-11-16,19,571,13.0,43.9,115.3,8,3
26,2025-11-16,20,442,12.0,36.8,115.3,6,3
26,2025-11-16,21,314,11.0,28.5,115.3,4,3
26,2025-11-16,22,203,10.0,20.3,115.3,3,3
26,2025-11-17,21,495,12.0,41.2,115.3,7,3
26,2025-11-17,22,223,10.0,22.3,115.3,3,3
26,2025-11-18,21,508,12.0,42.3,115.3,7,3
26,2025-11-18,22,229,10.0,22.9,115.3,3,3
26,2025-11-19,21,508,12.0,42.3,115.3,7,3
26,2025-11-19,22,229,10.0,22.9,115.3,3,3
26,2025-11-20,21,508,12.0,42.3,115.3,7,3
26,2025-11-20,22,229,10.0,22.9,115.3,3,3
26,2025-11-21,21,483,12.0,40.2,115.3,6,3
26,2025-11-21,22,223,10.0,22.3,115.3,3,3
26,2025-11-22,7,377,10.0,37.7,115.3,5,3
26,2025-11-22,8,612,12.0,51.0,115.3,8,3
26,2025-11-22,19,775,13.5,57.4,115.3,10,3
26,2025-11-22,20,565,11.5,49.1,115.3,7,3
26,2025-11-22,21,378,11.0,34.4,115.3,5,3
26,2025-11-22,22,220,10.0,22.0,115.3,3,3
26,2025-11-23,7,259,10.0,25.9,115.3,4,3
26,2025-11-23,8,407,12.0,33.9,115.3,6,3
26,2025-11-23,9,571,12.0,47.6,115.3,8,3
26,2025-11-23,10,650,13.0,50.0,115.3,9,3
26,2025-11-23,18,759,14.0,54.2,115.3,10,4
26,2025-11-23,19,571,13.0,43.9,115.3,8,3
26,2025-11-23,20,442,12.0,36.8,115.3,6,3
26,2025-11-23,21,314,11.0,28.5,115.3,4,3
26,2025-11-23,22,203,10.0,20.3,115.3,3,3
26,2025-11-24,21,495,12.0,41.2,115.3,7,3
26,2025-11-24,22,223,10.0,22.3,115.3,3,3
26,2025-11-25,21,508,12.0,42.3,115.3,7,3
26,2025-11-25,22,229,10.0,22.9,115.3,3,3
26,2025-11-26,21,508,12.0,42.3,115.3,7,3
26,2025-11-26,22,229,10.0,22.9,115.3,3,3
26,2025-11-27,21,508,12.0,42.3,115.3,7,3
26,2025-11-27,22,229,10.0,22.9,115.3,3,3
26,2025-11-28,21,483,12.0,40.2,115.3,6,3
26,2025-11-28,22,223,10.0,22.3,115.3,3,3
26,2025-11-29,7,377,10.0,37.7,115.3,5,3
26,2025-11-29,8,612,12.0,51.0,115.3,8,3
26,2025-11-29,19,775,13.5,57.4,115.3,10,3
26,2025-11-29,20,565,11.5,49.1,115.3,7,3
26,2025-11-29,21,378,11.0,34.4,115.3,5,3
26,2025-11-29,22,220,10.0,22.0,115.3,3,3
26,2025-11-30,7,259,10.0,25.9,115.3,4,3
26,2025-11-30,8,407,12.0,33.9,115.3,6,3
26,2025-11-30,9,571,12.0,47.6,115.3,8,3
26,2025-11-30,10,650,13.0,50.0,115.3,9,3
26,2025-11-30,18,759,14.0,54.2,115.3,10,4
26,2025-11-30,19,571,13.0,43.9,115.3,8,3
26,2025-11-30,20,442,12.0,36.8,115.3,6,3
26,2025-11-30,21,314,11.0,28.5,115.3,4,3
26,2025-11-30,22,203,10.0,20.3,115.3,3,3
26,2025-12-01,21,491,12.0,40.9,115.3,7,3
26,2025-12-01,22,226,10.0,22.6,115.3,3,3
26,2025-12-02,21,504,12.0,42.0,115.3,7,3
26,2025-12-02,22,232,10.0,23.2,115.3,3,3
26,2025-12-03,21,504,12.0,42.0,115.3,7,3
26,2025-12-03,22,232,10.0,23.2,115.3,3,3
26,2025-12-04,21,504,12.0,42.0,115.3,7,3
26,2025-12-04,22,232,10.0,23.2,115.3,3,3
26,2025-12-05,21,480,12.0,40.0,115.3,6,3
26,2025-12-05,22,225,10.0,22.5,115.3,3,3
26,2025-12-06,7,378,10.0,37.8,115.3,5,3
26,2025-12-06,8,611,12.0,50.9,115.3,8,3
26,2025-12-06,20,567,11.5,49.3,115.3,8,3
26,2025-12-06,21,381,11.0,34.6,115.3,5,3
26,2025-12-06,22,223,10.0,22.3,115.3,3,3
26,2025-12-07,7,256,10.0,25.6,115.3,4,3
26,2025-12-07,8,409,12.0,34.1,115.3,6,3
26,2025-12-07,9,576,12.0,48.0,115.3,8,3
26,2025-12-07,10,653,13.0,50.2,115.3,9,3
26,2025-12-07,18,767,14.0,54.8,115.3,10,4
26,2025-12-07,19,581,13.0,44.7,115.3,8,3
26,2025-12-07,20,444,12.0,37.0,115.3,6,3
26,2025-12-07,21,317,11.0,28.8,115.3,4,3
26,2025-12-07,22,210,10.0,21.0,115.3,3,3
26,2025-12-08,21,491,12.0,40.9,115.3,7,3
26,2025-12-08,22,226,10.0,22.6,115.3,3,3
26,2025-12-09,21,504,12.0,42.0,115.3,7,3
26,2025-12-09,22,232,10.0,23.2,115.3,3,3
26,2025-12-10,21,504,12.0,42.0,115.3,7,3
26,2025-12-10,22,232,10.0,23.2,115.3,3,3
26,2025-12-11,21,504,12.0,42.0,115.3,7,3
26,2025-12-11,22,232,10.0,23.2,115.3,3,3
26,2025-12-12,21,480,12.0,40.0,115.3,6,3
26,2025-12-12,22,225,10.0,22.5,115.3,3,3
26,2025-12-13,7,378,10.0,37.8,115.3,5,3
26,2025-12-13,8,611,12.0,50.9,115.3,8,3
26,2025-12-13,20,567,11.5,49.3,115.3,8,3
26,2025-12-13,21,381,11.0,34.6,115.3,5,3
26,2025-12-13,22,223,10.0,22.3,115.3,3,3
26,2025-12-14,7,256,10.0,25.6,115.3,4,3
26,2025-12-14,8,409,12.0,34.1,115.3,6,3
26,2025-12-14,9,576,12.0,48.0,115.3,8,3
26,2025-12-14,10,653,13.0,50.2,115.3,9,3
26,2025-12-14,18,767,14.0,54.8,115.3,10,4
26,2025-12-14,19,581,13.0,44.7,115.3,8,3
26,2025-12-14,20,444,12.0,37.0,115.3,6,3
26,2025-12-14,21,317,11.0,28.8,115.3,4,3
26,2025-12-14,22,210,10.0,21.0,115.3,3,3
26,2025-12-15,21,491,12.0,40.9,115.3,7,3
26,2025-12-15,22,226,10.0,22.6,115.3,3,3
26,2025-12-16,21,504,12.0,42.0,115.3,7,3
26,2025-12-16,22,232,10.0,23.2,115.3,3,3
26,2025-12-17,21,504,12.0,42.0,115.3,7,3
26,2025-12-17,22,232,10.0,23.2,115.3,3,3
26,2025-12-18,21,504,12.0,42.0,115.3,7,3
26,2025-12-18,22,232,10.0,23.2,115.3,3,3
26,2025-12-19,21,480,12.0,40.0,115.3,6,3
26,2025-12-19,22,225,10.0,22.5,115.3,3,3
26,2025-12-20,7,378,10.0,37.8,115.3,5,3
26,2025-12-20,8,611,12.0,50.9,115.3,8,3
26,2025-12-20,20,567,11.5,49.3,115.3,8,3
26,2025-12-20,21,381,11.0,34.6,115.3,5,3
26,2025-12-20,22,223,10.0,22.3,115.3,3,3
26,2025-12-21,7,256,10.0,25.6,115.3,4,3
26,2025-12-21,8,409,12.0,34.1,115.3,6,3
26,2025-12-21,9,576,12.0,48.0,115.3,8,3
26,2025-12-21,10,653,13.0,50.2,115.3,9,3
26,2025-12-21,18,767,14.0,54.8,115.3,10,4
26,2025-12-21,19,581,13.0,44.7,115.3,8,3
26,2025-12-21,20,444,12.0,37.0,115.3,6,3
26,2025-12-21,21,317,11.0,28.8,115.3,4,3
26,2025-12-21,22,210,10.0,21.0,115.3,3,3
26,2025-12-22,21,491,12.0,40.9,115.3,7,3
26,2025-12-22,22,226,10.0,22.6,115.3,3,3
26,2025-12-23,21,504,12.0,42.0,115.3,7,3
26,2025-12-23,22,232,10.0,23.2,115.3,3,3
26,2025-12-24,21,504,12.0,42.0,115.3,7,3
26,2025-12-24,22,232,10.0,23.2,115.3,3,3
26,2025-12-25,21,504,12.0,42.0,115.3,7,3
26,2025-12-25,22,232,10.0,23.2,115.3,3,3
26,2025-12-26,21,480,12.0,40.0,115.3,6,3
26,2025-12-26,22,225,10.0,22.5,115.3,3,3
26,2025-12-27,7,378,10.0,37.8,115.3,5,3
26,2025-12-27,8,611,12.0,50.9,115.3,8,3
26,2025-12-27,20,567,11.5,49.3,115.3,8,3
26,2025-12-27,21,381,11.0,34.6,115.3,5,3
26,2025-12-27,22,223,10.0,22.3,115.3,3,3
26,2025-12-28,7,256,10.0,25.6,115.3,4,3
26,2025-12-28,8,409,12.0,34.1,115.3,6,3
26,2025-12-28,9,576,12.0,48.0,115.3,8,3
26,2025-12-28,10,653,13.0,50.2,115.3,9,3
26,2025-12-28,18,767,14.0,54.8,115.3,10,4
26,2025-12-28,19,581,13.0,44.7,115.3,8,3
26,2025-12-28,20,444,12.0,37.0,115.3,6,3
26,2025-12-28,21,317,11.0,28.8,115.3,4,3
26,2025-12-28,22,210,10.0,21.0,115.3,3,3
26,2025-12-29,20,720,13.0,55.4,115.3,9,3
26,2025-12-29,21,442,12.0,36.8,115.3,6,3
26,2025-12-29,22,203,10.0,20.3,115.3,3,3
26,2025-12-30,20,699,13.0,53.8,115.3,9,3
26,2025-12-30,21,429,12.0,35.8,115.3,6,3
26,2025-12-30,22,197,10.0,19.7,115.3,3,3
26,2025-12-31,7,204,10.0,20.4,115.3,3,3
26,2025-12-31,8,330,12.0,27.5,115.3,5,3
26,2025-12-31,9,377,12.0,31.4,115.3,5,3
26,2025-12-31,10,465,13.0,35.8,115.3,6,3
26,2025-12-31,11,569,13.0,43.8,115.3,8,3
26,2025-12-31,12,603,11.5,52.4,115.3,8,3
26,2025-12-31,13,603,12.0,50.2,115.3,8,3
26,2025-12-31,14,613,12.0,51.1,115.3,8,3
26,2025-12-31,15,564,11.0,51.3,115.3,7,3
26,2025-12-31,16,582,12.0,48.5,115.3,8,3
26,2025-12-31,17,516,14.0,36.9,115.3,7,4
26,2025-12-31,18,490,14.0,35.0,115.3,7,4
26,2025-12-31,19,421,13.0,32.4,115.3,6,3
28,2025-11-01,20,430,8.0,53.8,123.5,5,2
28,2025-11-01,21,294,7.0,42.0,123.5,4,2
28,2025-11-01,22,132,5.0,26.4,123.5,2,1
28,2025-11-02,7,155,5.0,31.0,123.5,2,1
28,2025-11-02,8,256,6.0,42.7,123.5,3,1
28,2025-11-02,9,349,8.0,43.6,123.5,5,2
28,2025-11-02,10,405,8.0,50.6,123.5,5,2
28,2025-11-02,20,310,6.0,51.7,123.5,4,1
28,2025-11-02,21,245,6.0,40.8,123.5,3,1
28,2025-11-02,22,115,5.5,20.9,123.5,2,1
28,2025-11-03,7,164,5.0,32.8,123.5,2,1
28,2025-11-03,8,275,6.0,45.8,123.5,4,1
28,2025-11-03,9,354,8.0,44.2,123.5,5,2
28,2025-11-03,10,399,8.0,49.9,123.5,5,2
28,2025-11-03,16,486,8.0,60.8,123.5,6,2
28,2025-11-03,17,475,8.0,59.4,123.5,6,2
28,2025-11-03,19,339,6.0,56.5,123.5,4,1
28,2025-11-03,20,268,6.0,44.7,123.5,4,1
28,2025-11-03,21,227,6.0,37.8,123.5,3,1
28,2025-11-03,22,102,5.5,18.5,123.5,2,1
28,2025-11-04,7,164,5.0,32.8,123.5,2,1
28,2025-11-04,8,275,6.0,45.8,123.5,4,1
28,2025-11-04,9,354,8.0,44.2,123.5,5,2
28,2025-11-04,10,399,8.0,49.9,123.5,5,2
28,2025-11-04,16,486,8.0,60.8,123.5,6,2
28,2025-11-04,17,475,8.0,59.4,123.5,6,2
28,2025-11-04,19,339,6.0,56.5,123.5,4,1
28,2025-11-04,20,268,6.0,44.7,123.5,4,1
28,2025-11-04,21,227,6.0,37.8,123.5,3,1
28,2025-11-04,22,102,5.5,18.5,123.5,2,1
28,2025-11-05,21,348,7.0,49.7,123.5,5,2
28,2025-11-05,22,144,5.0,28.8,123.5,2,1
28,2025-11-06,21,348,7.0,49.7,123.5,5,2
28,2025-11-06,22,144,5.0,28.8,123.5,2,1
28,2025-11-07,20,489,8.0,61.1,123.5,6,2
28,2025-11-07,21,334,7.0,47.7,123.5,4,2
28,2025-11-07,22,150,5.0,30.0,123.5,2,1
28,2025-11-08,7,228,6.0,38.0,123.5,3,1
28,2025-11-08,8,386,7.0,55.1,123.5,5,2
28,2025-11-08,9,474,9.0,52.7,123.5,6,2
28,2025-11-08,20,303,6.0,50.5,123.5,4,1
28,2025-11-08,21,279,6.0,46.5,123.5,4,1
28,2025-11-08,22,120,5.5,21.8,123.5,2,1
28,2025-11-09,7,155,5.0,31.0,123.5,2,1
28,2025-11-09,8,256,6.0,42.7,123.5,3,1
28,2025-11-09,9,349,8.0,43.6,123.5,5,2
28,2025-11-09,10,405,8.0,50.6,123.5,5,2
28,2025-11-09,20,310,6.0,51.7,123.5,4,1
28,2025-11-09,21,245,6.0,40.8,123.5,3,1
28,2025-11-09,22,115,5.5,20.9,123.5,2,1
28,2025-11-10,21,339,7.0,48.4,123.5,4,2
28,2025-11-10,22,140,5.0,28.0,123.5,2,1
28,2025-11-11,21,348,7.0,49.7,123.5,5,2
28,2025-11-11,22,144,5.0,28.8,123.5,2,1
28,2025-11-12,21,348,7.0,49.7,123.5,5,2
28,2025-11-12,22,144,5.0,28.8,123.5,2,1
28,2025-11-13,21,348,7.0,49.7,123.5,5,2
28,2025-11-13,22,144,5.0,28.8,123.5,2,1
28,2025-11-14,20,489,8.0,61.1,123.5,6,2
28,2025-11-14,21,334,7.0,47.7,123.5,4,2
28,2025-11-14,22,150,5.0,30.0,123.5,2,1
28,2025-11-15,7,228,6.0,38.0,123.5,3,1
28,2025-11-15,8,386,7.0,55.1,123.5,5,2
28,2025-11-15,9,474,9.0,52.7,123.5,6,2
28,2025-11-15,20,303,6.0,50.5,123.5,4,1
28,2025-11-15,21,279,6.0,46.5,123.5,4,1
28,2025-11-15,22,120,5.5,21.8,123.5,2,1
28,2025-11-16,7,155,5.0,31.0,123.5,2,1
28,2025-11-16,8,256,6.0,42.7,123.5,3,1
28,2025-11-16,9,349,8.0,43.6,123.5,5,2
28,2025-11-16,10,405,8.0,50.6,123.5,5,2
28,2025-11-16,20,310,6.0,51.7,123.5,4,1
28,2025-11-16,21,245,6.0,40.8,123.5,3,1
28,2025-11-16,22,115,5.5,20.9,123.5,2,1
28,2025-11-17,21,339,7.0,48.4,123.5,4,2
28,2025-11-17,22,140,5.0,28.0,123.5,2,1
28,2025-11-18,21,348,7.0,49.7,123.5,5,2
28,2025-11-18,22,144,5.0,28.8,123.5,2,1
28,2025-11-19,21,348,7.0,49.7,123.5,5,2
28,2025-11-19,22,144,5.0,28.8,123.5,2,1
28,2025-11-20,21,348,7.0,49.7,123.5,5,2
28,2025-11-20,22,144,5.0,28.8,123.5,2,1
28,2025-11-21,20,489,8.0,61.1,123.5,6,2
28,2025-11-21,21,334,7.0,47.7,123.5,4,2
28,2025-11-21,22,150,5.0,30.0,123.5,2,1
28,2025-11-22,7,228,6.0,38.0,123.5,3,1
28,2025-11-22,8,386,7.0,55.1,123.5,5,2
28,2025-11-22,9,474,9.0,52.7,123.5,6,2
28,2025-11-22,20,303,6.0,50.5,123.5,4,1
28,2025-11-22,21,279,6.0,46.5,123.5,4,1
28,2025-11-22,22,120,5.5,21.8,123.5,2,1
28,2025-11-23,7,155,5.0,31.0,123.5,2,1
28,2025-11-23,8,256,6.0,42.7,123.5,3,1
28,2025-11-23,9,349,8.0,43.6,123.5,5,2
28,2025-11-23,10,405,8.0,50.6,123.5,5,2
28,2025-11-23,20,310,6.0,51.7,123.5,4,1
28,2025-11-23,21,245,6.0,40.8,123.5,3,1
28,2025-11-23,22,115,5.5,20.9,123.5,2,1
28,2025-11-24,21,339,7.0,48.4,123.5,4,2
28,2025-11-24,22,140,5.0,28.0,123.5,2,1
28,2025-11-25,21,348,7.0,49.7,123.5,5,2
28,2025-11-25,22,144,5.0,28.8,123.5,2,1
28,2025-11-26,21,348,7.0,49.7,123.5,5,2
28,2025-11-26,22,144,5.0,28.8,123.5,2,1
28,2025-11-27,21,348,7.0,49.7,123.5,5,2
28,2025-11-27,22,144,5.0,28.8,123.5,2,1
28,2025-11-28,20,489,8.0,61.1,123.5,6,2
28,2025-11-28,21,334,7.0,47.7,123.5,4,2
28,2025-11-28,22,150,5.0,30.0,123.5,2,1
28,2025-11-29,7,228,6.0,38.0,123.5,3,1
28,2025-11-29,8,386,7.0,55.1,123.5,5,2
28,2025-11-29,9,474,9.0,52.7,123.5,6,2
28,2025-11-29,20,303,6.0,50.5,123.5,4,1
28,2025-11-29,21,279,6.0,46.5,123.5,4,1
28,2025-11-29,22,120,5.5,21.8,123.5,2,1
28,2025-11-30,7,155,5.0,31.0,123.5,2,1
28,2025-11-30,8,256,6.0,42.7,123.5,3,1
28,2025-11-30,9,349,8.0,43.6,123.5,5,2
28,2025-11-30,10,405,8.0,50.6,123.5,5,2
28,2025-11-30,20,310,6.0,51.7,123.5,4,1
28,2025-11-30,21,245,6.0,40.8,123.5,3,1
28,2025-11-30,22,115,5.5,20.9,123.5,2,1
28,2025-12-01,21,338,7.0,48.3,123.5,4,2
28,2025-12-01,22,143,5.0,28.6,123.5,2,1
28,2025-12-02,21,347,7.0,49.6,123.5,5,2
28,2025-12-02,22,147,5.0,29.4,123.5,2,1
28,2025-12-03,21,347,7.0,49.6,123.5,5,2
28,2025-12-03,22,147,5.0,29.4,123.5,2,1
28,2025-12-04,21,347,7.0,49.6,123.5,5,2
28,2025-12-04,22,147,5.0,29.4,123.5,2,1
28,2025-12-05,21,331,7.0,47.3,123.5,4,2
28,2025-12-05,22,153,5.0,30.6,123.5,2,1
28,2025-12-06,7,227,6.0,37.8,123.5,3,1
28,2025-12-06,8,381,7.0,54.4,123.5,5,2
28,2025-12-06,9,475,9.0,52.8,123.5,6,2
28,2025-12-06,20,304,6.0,50.7,123.5,4,1
28,2025-12-06,21,281,6.0,46.8,123.5,4,1
28,2025-12-06,22,122,5.5,22.2,123.5,2,1
28,2025-12-07,7,152,5.0,30.4,123.5,2,1
28,2025-12-07,8,255,6.0,42.5,123.5,3,1
28,2025-12-07,9,346,8.0,43.2,123.5,5,2
28,2025-12-07,10,401,8.0,50.1,123.5,5,2
28,2025-12-07,20,309,6.0,51.5,123.5,4,1
28,2025-12-07,21,244,6.0,40.7,123.5,3,1
28,2025-12-07,22,115,5.5,20.9,123.5,2,1
28,2025-12-08,21,338,7.0,48.3,123.5,4,2
28,2025-12-08,22,143,5.0,28.6,123.5,2,1
28,2025-12-09,21,347,7.0,49.6,123.5,5,2
28,2025-12-09,22,147,5.0,29.4,123.5,2,1
28,2025-12-10,21,347,7.0,49.6,123.5,5,2
28,2025-12-10,22,147,5.0,29.4,123.5,2,1
28,2025-12-11,21,347,7.0,49.6,123.5,5,2
28,2025-12-11,22,147,5.0,29.4,123.5,2,1
28,2025-12-12,21,331,7.0,47.3,123.5,4,2
28,2025-12-12,22,153,5.0,30.6,123.5,2,1
28,2025-12-13,7,227,6.0,37.8,123.5,3,1
28,2025-12-13,8,381,7.0,54.4,123.5,5,2
28,2025-12-13,9,475,9.0,52.8,123.5,6,2
28,2025-12-13,20,304,6.0,50.7,123.5,4,1
28,2025-12-13,21,281,6.0,46.8,123.5,4,1
28,2025-12-13,22,122,5.5,22.2,123.5,2,1
28,2025-12-14,7,152,5.0,30.4,123.5,2,1
28,2025-12-14,8,255,6.0,42.5,123.5,3,1
28,2025-12-14,9,346,8.0,43.2,123.5,5,2
28,2025-12-14,10,401,8.0,50.1,123.5,5,2
28,2025-12-14,20,309,6.0,51.5,123.5,4,1
28,2025-12-14,21,244,6.0,40.7,123.5,3,1
28,2025-12-14,22,115,5.5,20.9,123.5,2,1
28,2025-12-15,21,338,7.0,48.3,123.5,4,2
28,2025-12-15,22,143,5.0,28.6,123.5,2,1
28,2025-12-16,21,347,7.0,49.6,123.5,5,2
28,2025-12-16,22,147,5.0,29.4,123.5,2,1
28,2025-12-17,21,347,7.0,49.6,123.5,5,2
28,2025-12-17,22,147,5.0,29.4,123.5,2,1
28,2025-12-18,21,347,7.0,49.6,123.5,5,2
28,2025-12-18,22,147,5.0,29.4,123.5,2,1
28,2025-12-19,21,331,7.0,47.3,123.5,4,2
28,2025-12-19,22,153,5.0,30.6,123.5,2,1
28,2025-12-20,7,227,6.0,37.8,123.5,3,1
28,2025-12-20,8,381,7.0,54.4,123.5,5,2
28,2025-12-20,9,475,9.0,52.8,123.5,6,2
28,2025-12-20,20,304,6.0,50.7,123.5,4,1
28,2025-12-20,21,281,6.0,46.8,123.5,4,1
28,2025-12-20,22,122,5.5,22.2,123.5,2,1
28,2025-12-21,7,152,5.0,30.4,123.5,2,1
28,2025-12-21,8,255,6.0,42.5,123.5,3,1
28,2025-12-21,9,346,8.0,43.2,123.5,5,2
28,2025-12-21,10,401,8.0,50.1,123.5,5,2
28,2025-12-21,20,309,6.0,51.5,123.5,4,1
28,2025-12-21,21,244,6.0,40.7,123.5,3,1
28,2025-12-21,22,115,5.5,20.9,123.5,2,1
28,2025-12-22,21,338,7.0,48.3,123.5,4,2
28,2025-12-22,22,143,5.0,28.6,123.5,2,1
28,2025-12-23,21,347,7.0,49.6,123.5,5,2
28,2025-12-23,22,147,5.0,29.4,123.5,2,1
28,2025-12-24,21,347,7.0,49.6,123.5,5,2
28,2025-12-24,22,147,5.0,29.4,123.5,2,1
28,2025-12-25,21,347,7.0,49.6,123.5,5,2
28,2025-12-25,22,147,5.0,29.4,123.5,2,1
28,2025-12-26,21,331,7.0,47.3,123.5,4,2
28,2025-12-26,22,153,5.0,30.6,123.5,2,1
28,2025-12-27,7,227,6.0,37.8,123.5,3,1
28,2025-12-27,8,381,7.0,54.4,123.5,5,2
28,2025-12-27,9,475,9.0,52.8,123.5,6,2
28,2025-12-27,20,304,6.0,50.7,123.5,4,1
28,2025-12-27,21,281,6.0,46.8,123.5,4,1
28,2025-12-27,22,122,5.5,22.2,123.5,2,1
28,2025-12-28,7,152,5.0,30.4,123.5,2,1
28,2025-12-28,8,255,6.0,42.5,123.5,3,1
28,2025-12-28,9,346,8.0,43.2,123.5,5,2
28,2025-12-28,10,401,8.0,50.1,123.5,5,2
28,2025-12-28,20,309,6.0,51.5,123.5,4,1
28,2025-12-28,21,244,6.0,40.7,123.5,3,1
28,2025-12-28,22,115,5.5,20.9,123.5,2,1
28,2025-12-29,21,304,7.0,43.4,123.5,4,2
28,2025-12-29,22,129,5.0,25.8,123.5,2,1
28,2025-12-30,20,483,8.0,60.4,123.5,6,2
28,2025-12-30,21,295,7.0,42.1,123.5,4,2
28,2025-12-30,22,125,5.0,25.0,123.5,2,1
28,2025-12-31,7,123,5.0,24.6,123.5,2,1
28,2025-12-31,8,206,6.0,34.3,123.5,3,1
28,2025-12-31,9,257,8.0,32.1,123.5,3,2
28,2025-12-31,10,281,8.0,35.1,123.5,4,2
28,2025-12-31,11,291,6.0,48.5,123.5,4,1
28,2025-12-31,12,336,7.0,48.0,123.5,4,2
28,2025-12-31,13,347,8.0,43.4,123.5,5,2
28,2025-12-31,14,338,8.0,42.2,123.5,4,2
28,2025-12-31,15,335,6.0,55.8,123.5,4,1
28,2025-12-31,16,332,8.0,41.5,123.5,4,2
28,2025-12-31,17,314,8.0,39.2,123.5,4,2
28,2025-12-31,18,276,6.0,46.0,123.5,4,1
28,2025-12-31,19,218,6.0,36.3,123.5,3,1
50,2025-11-01,20,786,17.0,46.2,125.2,9,5
50,2025-11-01,21,539,16.5,32.7,125.2,7,4
50,2025-11-01,22,280,15.0,18.7,125.2,4,4
50,2025-11-05,20,980,17.0,57.6,125.2,12,5
50,2025-11-05,21,673,16.5,40.8,125.2,8,4
50,2025-11-05,22,289,15.0,19.3,125.2,4,4
50,2025-11-06,20,980,17.0,57.6,125.2,12,5
50,2025-11-06,21,673,16.5,40.8,125.2,8,4
50,2025-11-06,22,289,15.0,19.3,125.2,4,4
50,2025-11-07,20,894,17.0,52.6,125.2,11,5
50,2025-11-07,21,613,16.5,37.2,125.2,7,4
50,2025-11-07,22,318,15.0,21.2,125.2,4,4
50,2025-11-10,20,954,17.0,56.1,125.2,11,5
50,2025-11-10,21,655,16.5,39.7,125.2,8,4
50,2025-11-10,22,282,15.0,18.8,125.2,4,4
50,2025-11-11,20,980,17.0,57.6,125.2,12,5
50,2025-11-11,21,673,16.5,40.8,125.2,8,4
50,2025-11-11,22,289,15.0,19.3,125.2,4,4
50,2025-11-12,20,980,17.0,57.6,125.2,12,5
50,2025-11-12,21,673,16.5,40.8,125.2,8,4
50,2025-11-12,22,289,15.0,19.3,125.2,4,4
50,2025-11-13,20,980,17.0,57.6,125.2,12,5
50,2025-11-13,21,673,16.5,40.8,125.2,8,4
50,2025-11-13,22,289,15.0,19.3,125.2,4,4
50,2025-11-14,20,894,17.0,52.6,125.2,11,5
50,2025-11-14,21,613,16.5,37.2,125.2,7,4
50,2025-11-14,22,318,15.0,21.2,125.2,4,4
50,2025-11-15,7,395,12.0,32.9,125.2,5,3
50,2025-11-15,8,612,15.0,40.8,125.2,7,4
50,2025-11-15,9,659,15.0,43.9,125.2,8,4
50,2025-11-15,10,651,15.0,43.4,125.2,8,4
50,2025-11-15,11,854,15.0,56.9,125.2,10,4
50,2025-11-15,12,875,15.0,58.3,125.2,10,4
50,2025-11-15,13,922,15.0,61.5,125.2,11,4
50,2025-11-15,14,937,15.0,62.5,125.2,11,4
50,2025-11-15,16,859,14.5,59.2,125.2,10,4
50,2025-11-15,17,816,16.0,51.0,125.2,10,4
50,2025-11-15,18,714,16.0,44.6,125.2,9,4
50,2025-11-15,19,611,16.0,38.2,125.2,7,4
50,2025-11-15,20,470,16.0,29.4,125.2,6,4
50,2025-11-15,21,386,16.0,24.1,125.2,5,4
50,2025-11-15,22,249,13.5,18.4,125.2,3,4
50,2025-11-16,7,223,12.5,17.8,125.2,3,3
50,2025-11-16,8,337,15.5,21.7,125.2,4,4
50,2025-11-16,9,437,15.5,28.2,125.2,5,4
50,2025-11-16,10,505,15.5,32.6,125.2,6,4
50,2025-11-16,11,638,15.5,41.2,125.2,8,4
50,2025-11-16,12,747,15.5,48.2,125.2,9,4
50,2025-11-16,13,809,15.0,53.9,125.2,10,4
50,2025-11-16,14,860,15.0,57.3,125.2,10,4
50,2025-11-16,15,748,14.0,53.4,125.2,9,4
50,2025-11-16,16,794,14.0,56.7,125.2,10,4
50,2025-11-16,17,726,15.0,48.4,125.2,9,4
50,2025-11-16,18,655,15.0,43.7,125.2,8,4
50,2025-11-16,19,551,15.0,36.7,125.2,7,4
50,2025-11-16,20,470,15.0,31.3,125.2,6,4
50,2025-11-16,21,361,15.0,24.1,125.2,5,4
50,2025-11-16,22,235,13.0,18.1,125.2,3,3
50,2025-11-17,20,954,17.0,56.1,125.2,11,5
50,2025-11-17,21,655,16.5,39.7,125.2,8,4
50,2025-11-17,22,282,15.0,18.8,125.2,4,4
50,2025-11-18,20,980,17.0,57.6,125.2,12,5
50,2025-11-18,21,673,16.5,40.8,125.2,8,4
50,2025-11-18,22,289,15.0,19.3,125.2,4,4
50,2025-11-19,20,980,17.0,57.6,125.2,12,5
50,2025-11-19,21,673,16.5,40.8,125.2,8,4
50,2025-11-19,22,289,15.0,19.3,125.2,4,4
50,2025-11-20,20,980,17.0,57.6,125.2,12,5
50,2025-11-20,21,673,16.5,40.8,125.2,8,4
50,2025-11-20,22,289,15.0,19.3,125.2,4,4
50,2025-11-21,20,894,17.0,52.6,125.2,11,5
50,2025-11-21,21,613,16.5,37.2,125.2,7,4
50,2025-11-21,22,318,15.0,21.2,125.2,4,4
50,2025-11-22,7,395,12.0,32.9,125.2,5,3
50,2025-11-22,8,612,15.0,40.8,125.2,7,4
50,2025-11-22,9,659,15.0,43.9,125.2,8,4
50,2025-11-22,10,651,15.0,43.4,125.2,8,4
50,2025-11-22,11,854,15.0,56.9,125.2,10,4
50,2025-11-22,12,875,15.0,58.3,125.2,10,4
50,2025-11-22,13,922,15.0,61.5,125.2,11,4
50,2025-11-22,14,937,15.0,62.5,125.2,11,4
50,2025-11-22,16,859,14.5,59.2,125.2,10,4
50,2025-11-22,17,816,16.0,51.0,125.2,10,4
50,2025-11-22,18,714,16.0,44.6,125.2,9,4
50,2025-11-22,19,611,16.0,38.2,125.2,7,4
50,2025-11-22,20,470,16.0,29.4,125.2,6,4
50,2025-11-22,21,386,16.0,24.1,125.2,5,4
50,2025-11-22,22,249,13.5,18.4,125.2,3,4
50,2025-11-23,7,223,12.5,17.8,125.2,3,3
50,2025-11-23,8,337,15.5,21.7,125.2,4,4
50,2025-11-23,9,437,15.5,28.2,125.2,5,4
50,2025-11-23,10,505,15.5,32.6,125.2,6,4
50,2025-11-23,11,638,15.5,41.2,125.2,8,4
50,2025-11-23,12,747,15.5,48.2,125.2,9,4
50,2025-11-23,13,809,15.0,53.9,125.2,10,4
50,2025-11-23,14,860,15.0,57.3,125.2,10,4
50,2025-11-23,15,748,14.0,53.4,125.2,9,4
50,2025-11-23,16,794,14.0,56.7,125.2,10,4
50,2025-11-23,17,726,15.0,48.4,125.2,9,4
50,2025-11-23,18,655,15.0,43.7,125.2,8,4
50,2025-11-23,19,551,15.0,36.7,125.2,7,4
50,2025-11-23,20,470,15.0,31.3,125.2,6,4
50,2025-11-23,21,361,15.0,24.1,125.2,5,4
50,2025-11-23,22,235,13.0,18.1,125.2,3,3
50,2025-11-24,20,954,17.0,56.1,125.2,11,5
50,2025-11-24,21,655,16.5,39.7,125.2,8,4
50,2025-11-24,22,282,15.0,18.8,125.2,4,4
50,2025-11-25,20,980,17.0,57.6,125.2,12,5
50,2025-11-25,21,673,16.5,40.8,125.2,8,4
50,2025-11-25,22,289,15.0,19.3,125.2,4,4
50,2025-11-26,20,980,17.0,57.6,125.2,12,5
50,2025-11-26,21,673,16.5,40.8,125.2,8,4
50,2025-11-26,22,289,15.0,19.3,125.2,4,4
50,2025-11-27,20,980,17.0,57.6,125.2,12,5
50,2025-11-27,21,673,16.5,40.8,125.2,8,4
50,2025-11-27,22,289,15.0,19.3,125.2,4,4
50,2025-11-28,20,894,17.0,52.6,125.2,11,5
50,2025-11-28,21,613,16.5,37.2,125.2,7,4
50,2025-11-28,22,318,15.0,21.2,125.2,4,4
50,2025-11-29,7,395,12.0,32.9,125.2,5,3
50,2025-11-29,8,612,15.0,40.8,125.2,7,4
50,2025-11-29,9,659,15.0,43.9,125.2,8,4
50,2025-11-29,10,651,15.0,43.4,125.2,8,4
50,2025-11-29,11,854,15.0,56.9,125.2,10,4
50,2025-11-29,12,875,15.0,58.3,125.2,10,4
50,2025-11-29,13,922,15.0,61.5,125.2,11,4
50,2025-11-29,14,937,15.0,62.5,125.2,11,4
50,2025-11-29,16,859,14.5,59.2,125.2,10,4
50,2025-11-29,17,816,16.0,51.0,125.2,10,4
50,2025-11-29,18,714,16.0,44.6,125.2,9,4
50,2025-11-29,19,611,16.0,38.2,125.2,7,4
50,2025-11-29,20,470,16.0,29.4,125.2,6,4
50,2025-11-29,21,386,16.0,24.1,125.2,5,4
50,2025-11-29,22,249,13.5,18.4,125.2,3,4
50,2025-11-30,7,223,12.5,17.8,125.2,3,3
50,2025-11-30,8,337,15.5,21.7,125.2,4,4
50,2025-11-30,9,437,15.5,28.2,125.2,5,4
50,2025-11-30,10,505,15.5,32.6,125.2,6,4
50,2025-11-30,11,638,15.5,41.2,125.2,8,4
50,2025-11-30,12,747,15.5,48.2,125.2,9,4
50,2025-11-30,13,809,15.0,53.9,125.2,10,4
50,2025-11-30,14,860,15.0,57.3,125.2,10,4
50,2025-11-30,15,748,14.0,53.4,125.2,9,4
50,2025-11-30,16,794,14.0,56.7,125.2,10,4
50,2025-11-30,17,726,15.0,48.4,125.2,9,4
50,2025-11-30,18,655,15.0,43.7,125.2,8,4
50,2025-11-30,19,551,15.0,36.7,125.2,7,4
50,2025-11-30,20,470,15.0,31.3,125.2,6,4
50,2025-11-30,21,361,15.0,24.1,125.2,5,4
50,2025-11-30,22,235,13.0,18.1,125.2,3,3
50,2025-12-01,20,947,17.0,55.7,125.2,11,5
50,2025-12-01,21,651,16.5,39.5,125.2,8,4
50,2025-12-01,22,287,15.0,19.1,125.2,4,4
50,2025-12-02,20,973,17.0,57.2,125.2,12,5
50,2025-12-02,21,669,16.5,40.5,125.2,8,4
50,2025-12-02,22,294,15.0,19.6,125.2,4,4
50,2025-12-03,20,973,17.0,57.2,125.2,12,5
50,2025-12-03,21,669,16.5,40.5,125.2,8,4
50,2025-12-03,22,294,15.0,19.6,125.2,4,4
50,2025-12-04,20,973,17.0,57.2,125.2,12,5
50,2025-12-04,21,669,16.5,40.5,125.2,8,4
50,2025-12-04,22,294,15.0,19.6,125.2,4,4
50,2025-12-05,20,887,17.0,52.2,125.2,11,5
50,2025-12-05,21,617,16.5,37.4,125.2,8,4
50,2025-12-05,22,323,15.0,21.5,125.2,4,4
50,2025-12-06,7,395,12.0,32.9,125.2,5,3
50,2025-12-06,8,612,15.0,40.8,125.2,7,4
50,2025-12-06,9,659,15.0,43.9,125.2,8,4
50,2025-12-06,10,651,15.0,43.4,125.2,8,4
50,2025-12-06,11,854,15.0,56.9,125.2,10,4
50,2025-12-06,12,875,15.0,58.3,125.2,10,4
50,2025-12-06,13,922,15.0,61.5,125.2,11,4
50,2025-12-06,14,937,15.0,62.5,125.2,11,4
50,2025-12-06,16,859,14.5,59.2,125.2,10,4
50,2025-12-06,17,816,16.0,51.0,125.2,10,4
50,2025-12-06,18,714,16.0,44.6,125.2,9,4
50,2025-12-06,19,611,16.0,38.2,125.2,7,4
50,2025-12-06,20,470,16.0,29.4,125.2,6,4
50,2025-12-06,21,386,16.0,24.1,125.2,5,4
50,2025-12-06,22,249,13.5,18.4,125.2,3,4
50,2025-12-07,7,223,12.5,17.8,125.2,3,3
50,2025-12-07,8,337,15.5,21.7,125.2,4,4
50,2025-12-07,9,437,15.5,28.2,125.2,5,4
50,2025-12-07,10,505,15.5,32.6,125.2,6,4
50,2025-12-07,11,638,15.5,41.2,125.2,8,4
50,2025-12-07,12,747,15.5,48.2,125.2,9,4
50,2025-12-07,13,809,15.0,53.9,125.2,10,4
50,2025-12-07,14,860,15.0,57.3,125.2,10,4
50,2025-12-07,15,748,14.0,53.4,125.2,9,4
50,2025-12-07,16,794,14.0,56.7,125.2,10,4
50,2025-12-07,17,726,15.0,48.4,125.2,9,4
50,2025-12-07,18,655,15.0,43.7,125.2,8,4
50,2025-12-07,19,551,15.0,36.7,125.2,7,4
50,2025-12-07,20,470,15.0,31.3,125.2,6,4
50,2025-12-07,21,361,15.0,24.1,125.2,5,4
50,2025-12-07,22,235,13.0,18.1,125.2,3,3
50,2025-12-08,20,947,17.0,55.7,125.2,11,5
50,2025-12-08,21,651,16.5,39.5,125.2,8,4
50,2025-12-08,22,287,15.0,19.1,125.2,4,4
50,2025-12-09,20,973,17.0,57.2,125.2,12,5
50,2025-12-09,21,669,16.5,40.5,125.2,8,4
50,2025-12-09,22,294,15.0,19.6,125.2,4,4
50,2025-12-10,20,973,17.0,57.2,125.2,12,5
50,2025-12-10,21,669,16.5,40.5,125.2,8,4
50,2025-12-10,22,294,15.0,19.6,125.2,4,4
50,2025-12-11,20,973,17.0,57.2,125.2,12,5
50,2025-12-11,21,669,16.5,40.5,125.2,8,4
50,2025-12-11,22,294,15.0,19.6,125.2,4,4
50,2025-12-12,20,887,17.0,52.2,125.2,11,5
50,2025-12-12,21,617,16.5,37.4,125.2,8,4
50,2025-12-12,22,323,15.0,21.5,125.2,4,4
50,2025-12-13,7,395,12.0,32.9,125.2,5,3
50,2025-12-13,8,612,15.0,40.8,125.2,7,4
50,2025-12-13,9,659,15.0,43.9,125.2,8,4
50,2025-12-13,10,651,15.0,43.4,125.2,8,4
50,2025-12-13,11,854,15.0,56.9,125.2,10,4
50,2025-12-13,12,875,15.0,58.3,125.2,10,4
50,2025-12-13,13,922,15.0,61.5,125.2,11,4
50,2025-12-13,14,937,15.0,62.5,125.2,11,4
50,2025-12-13,16,859,14.5,59.2,125.2,10,4
50,2025-12-13,17,816,16.0,51.0,125.2,10,4
50,2025-12-13,18,714,16.0,44.6,125.2,9,4
50,2025-12-13,19,611,16.0,38.2,125.2,7,4
50,2025-12-13,20,470,16.0,29.4,125.2,6,4
50,2025-12-13,21,386,16.0,24.1,125.2,5,4
50,2025-12-13,22,249,13.5,18.4,125.2,3,4
50,2025-12-14,7,223,12.5,17.8,125.2,3,3
50,2025-12-14,8,337,15.5,21.7,125.2,4,4
50,2025-12-14,9,437,15.5,28.2,125.2,5,4
50,2025-12-14,10,505,15.5,32.6,125.2,6,4
50,2025-12-14,11,638,15.5,41.2,125.2,8,4
50,2025-12-14,12,747,15.5,48.2,125.2,9,4
50,2025-12-14,13,809,15.0,53.9,125.2,10,4
50,2025-12-14,14,860,15.0,57.3,125.2,10,4
50,2025-12-14,15,748,14.0,53.4,125.2,9,4
50,2025-12-14,16,794,14.0,56.7,125.2,10,4
50,2025-12-14,17,726,15.0,48.4,125.2,9,4
50,2025-12-14,18,655,15.0,43.7,125.2,8,4
50,2025-12-14,19,551,15.0,36.7,125.2,7,4
50,2025-12-14,20,470,15.0,31.3,125.2,6,4
50,2025-12-14,21,361,15.0,24.1,125.2,5,4
50,2025-12-14,22,235,13.0,18.1,125.2,3,3
50,2025-12-15,20,947,17.0,55.7,125.2,11,5
50,2025-12-15,21,651,16.5,39.5,125.2,8,4
50,2025-12-15,22,287,15.0,19.1,125.2,4,4
50,2025-12-16,20,973,17.0,57.2,125.2,12,5
50,2025-12-16,21,669,16.5,40.5,125.2,8,4
50,2025-12-16,22,294,15.0,19.6,125.2,4,4
50,2025-12-17,20,973,17.0,57.2,125.2,12,5
50,2025-12-17,21,669,16.5,40.5,125.2,8,4
50,2025-12-17,22,294,15.0,19.6,125.2,4,4
50,2025-12-18,20,973,17.0,57.2,125.2,12,5
50,2025-12-18,21,669,16.5,40.5,125.2,8,4
50,2025-12-18,22,294,15.0,19.6,125.2,4,4
50,2025-12-19,20,887,17.0,52.2,125.2,11,5
50,2025-12-19,21,617,16.5,37.4,125.2,8,4
50,2025-12-19,22,323,15.0,21.5,125.2,4,4
50,2025-12-20,7,395,12.0,32.9,125.2,5,3
50,2025-12-20,8,612,15.0,40.8,125.2,7,4
50,2025-12-20,9,659,15.0,43.9,125.2,8,4
50,2025-12-20,10,651,15.0,43.4,125.2,8,4
50,2025-12-20,11,854,15.0,56.9,125.2,10,4
50,2025-12-20,12,875,15.0,58.3,125.2,10,4
50,2025-12-20,13,922,15.0,61.5,125.2,11,4
50,2025-12-20,14,937,15.0,62.5,125.2,11,4
50,2025-12-20,16,859,14.5,59.2,125.2,10,4
50,2025-12-20,17,816,16.0,51.0,125.2,10,4
50,2025-12-20,18,714,16.0,44.6,125.2,9,4
50,2025-12-20,19,611,16.0,38.2,125.2,7,4
50,2025-12-20,20,470,16.0,29.4,125.2,6,4
50,2025-12-20,21,386,16.0,24.1,125.2,5,4
50,2025-12-20,22,249,13.5,18.4,125.2,3,4
50,2025-12-21,7,223,12.5,17.8,125.2,3,3
50,2025-12-21,8,337,15.5,21.7,125.2,4,4
50,2025-12-21,9,437,15.5,28.2,125.2,5,4
50,2025-12-21,10,505,15.5,32.6,125.2,6,4
50,2025-12-21,11,638,15.5,41.2,125.2,8,4
50,2025-12-21,12,747,15.5,48.2,125.2,9,4
50,2025-12-21,13,809,15.0,53.9,125.2,10,4
50,2025-12-21,14,860,15.0,57.3,125.2,10,4
50,2025-12-21,15,748,14.0,53.4,125.2,9,4
50,2025-12-21,16,794,14.0,56.7,125.2,10,4
50,2025-12-21,17,726,15.0,48.4,125.2,9,4
50,2025-12-21,18,655,15.0,43.7,125.2,8,4
50,2025-12-21,19,551,15.0,36.7,125.2,7,4
50,2025-12-21,20,470,15.0,31.3,125.2,6,4
50,2025-12-21,21,361,15.0,24.1,125.2,5,4
50,2025-12-21,22,235,13.0,18.1,125.2,3,3
50,2025-12-22,20,947,17.0,55.7,125.2,11,5
50,2025-12-22,21,651,16.5,39.5,125.2,8,4
50,2025-12-22,22,287,15.0,19.1,125.2,4,4
50,2025-12-23,20,973,17.0,57.2,125.2,12,5
50,2025-12-23,21,669,16.5,40.5,125.2,8,4
50,2025-12-23,22,294,15.0,19.6,125.2,4,4
50,2025-12-24,20,973,17.0,57.2,125.2,12,5
50,2025-12-24,21,669,16.5,40.5,125.2,8,4
50,2025-12-24,22,294,15.0,19.6,125.2,4,4
50,2025-12-25,20,973,17.0,57.2,125.2,12,5
50,2025-12-25,21,669,16.5,40.5,125.2,8,4
50,2025-12-25,22,294,15.0,19.6,125.2,4,4
50,2025-12-26,20,887,17.0,52.2,125.2,11,5
50,2025-12-26,21,617,16.5,37.4,125.2,8,4
50,2025-12-26,22,323,15.0,21.5,125.2,4,4
50,2025-12-27,7,395,12.0,32.9,125.2,5,3
50,2025-12-27,8,612,15.0,40.8,125.2,7,4
50,2025-12-27,9,659,15.0,43.9,125.2,8,4
50,2025-12-27,10,651,15.0,43.4,125.2,8,4
50,2025-12-27,11,854,15.0,56.9,125.2,10,4
50,2025-12-27,12,875,15.0,58.3,125.2,10,4
50,2025-12-27,13,922,15.0,61.5,125.2,11,4
50,2025-12-27,14,937,15.0,62.5,125.2,11,4
50,2025-12-27,16,859,14.5,59.2,125.2,10,4
50,2025-12-27,17,816,16.0,51.0,125.2,10,4
50,2025-12-27,18,714,16.0,44.6,125.2,9,4
50,2025-12-27,19,611,16.0,38.2,125.2,7,4
50,2025-12-27,20,470,16.0,29.4,125.2,6,4
50,2025-12-27,21,386,16.0,24.1,125.2,5,4
50,2025-12-27,22,249,13.5,18.4,125.2,3,4
50,2025-12-28,7,223,12.5,17.8,125.2,3,3
50,2025-12-28,8,337,15.5,21.7,125.2,4,4
50,2025-12-28,9,437,15.5,28.2,125.2,5,4
50,2025-12-28,10,505,15.5,32.6,125.2,6,4
50,2025-12-28,11,638,15.5,41.2,125.2,8,4
50,2025-12-28,12,747,15.5,48.2,125.2,9,4
50,2025-12-28,13,809,15.0,53.9,125.2,10,4
50,2025-12-28,14,860,15.0,57.3,125.2,10,4
50,2025-12-28,15,748,14.0,53.4,125.2,9,4
50,2025-12-28,16,794,14.0,56.7,125.2,10,4
50,2025-12-28,17,726,15.0,48.4,125.2,9,4
50,2025-12-28,18,655,15.0,43.7,125.2,8,4
50,2025-12-28,19,551,15.0,36.7,125.2,7,4
50,2025-12-28,20,470,15.0,31.3,125.2,6,4
50,2025-12-28,21,361,15.0,24.1,125.2,5,4
50,2025-12-28,22,235,13.0,18.1,125.2,3,3
50,2025-12-29,20,852,17.0,50.1,125.2,10,5
50,2025-12-29,21,586,16.5,35.5,125.2,7,4
50,2025-12-29,22,258,15.0,17.2,125.2,3,4
50,2025-12-30,20,827,17.0,48.6,125.2,10,5
50,2025-12-30,21,569,16.5,34.5,125.2,7,4
50,2025-12-30,22,250,15.0,16.7,125.2,3,4
50,2025-12-31,7,213,12.5,17.0,125.2,3,3
50,2025-12-31,8,331,15.5,21.4,125.2,4,4
50,2025-12-31,9,356,15.5,23.0,125.2,5,4
50,2025-12-31,10,352,15.5,22.7,125.2,5,4
50,2025-12-31,11,462,15.5,29.8,125.2,6,4
50,2025-12-31,12,473,15.5,30.5,125.2,6,4
50,2025-12-31,13,498,15.0,33.2,125.2,6,4
50,2025-12-31,14,507,15.0,33.8,125.2,6,4
50,2025-12-31,15,483,14.0,34.5,125.2,6,4
50,2025-12-31,16,464,14.0,33.1,125.2,6,4
50,2025-12-31,17,441,15.0,29.4,125.2,6,4
50,2025-12-31,18,386,15.0,25.7,125.2,5,4
50,2025-12-31,19,330,15.0,22.0,125.2,4,4
