route,norm_bpv,fleet_max,service_hours,cand_hours,extra_vehicle_hours,feasible_vehicle_hours,top_hours,cand_share,reserve_hours,reserve_vehicle_hours,reserve_top_hours,planned_vehicle_hours,reserve_share
1,119.3,25,1257,315,528,528,"14:00, 13:00, 12:00",0.251,202,444,"21:00, 22:00, 20:00",11153,0.04
7,114.5,33,1403,88,306,306,"8:00, 18:00, 16:00",0.063,241,1069,"20:00, 21:00, 22:00",15268,0.07
11,134.5,32,1322,241,510,510,"14:00, 13:00, 8:00",0.182,177,724,"21:00, 22:00, 7:00",16364,0.044
12,126.5,33,1342,163,513,513,"8:00, 17:00, 16:00",0.121,210,986,"21:00, 22:00, 20:00",18695,0.053
17,174.1,33,1342,223,522,522,"8:00, 12:00, 13:00",0.166,175,870,"22:00, 21:00, 7:00",20800,0.042
25,94.2,12,1232,206,431,431,"16:00, 8:00, 17:00",0.167,226,277,"21:00, 22:00, 20:00",6164,0.045
26,115.3,23,1383,328,773,773,"8:00, 17:00, 14:00",0.237,243,744,"21:00, 22:00, 20:00",11693,0.064
28,123.5,11,1322,156,235,235,"8:00, 17:00, 15:00",0.118,232,328,"21:00, 22:00, 20:00",6940,0.047
50,125.2,32,1383,166,533,533,"8:00, 17:00, 9:00",0.12,353,1431,"20:00, 21:00, 22:00",14116,0.101
