route,date,pred
1,2025-11-01,19863
1,2025-11-02,9405
1,2025-11-03,8933
1,2025-11-04,8933
1,2025-11-05,23358
1,2025-11-06,23358
1,2025-11-07,22583
1,2025-11-08,11486
1,2025-11-09,9405
1,2025-11-10,22731
1,2025-11-11,23358
1,2025-11-12,23358
1,2025-11-13,23358
1,2025-11-14,22583
1,2025-11-15,11486
1,2025-11-16,9405
1,2025-11-17,22731
1,2025-11-18,23358
1,2025-11-19,23358
1,2025-11-20,23358
1,2025-11-21,22583
1,2025-11-22,11486
1,2025-11-23,9405
1,2025-11-24,22731
1,2025-11-25,23358
1,2025-11-26,23358
1,2025-11-27,23358
1,2025-11-28,22583
1,2025-11-29,11486
1,2025-11-30,9405
1,2025-12-01,22731
1,2025-12-02,23357
1,2025-12-03,23357
1,2025-12-04,23357
1,2025-12-05,22582
1,2025-12-06,11475
1,2025-12-07,9479
1,2025-12-08,22731
1,2025-12-09,23357
1,2025-12-10,23357
1,2025-12-11,23357
1,2025-12-12,22582
1,2025-12-13,11475
1,2025-12-14,9479
1,2025-12-15,22731
1,2025-12-16,23357
1,2025-12-17,23357
1,2025-12-18,23357
1,2025-12-19,22582
1,2025-12-20,11475
1,2025-12-21,9479
1,2025-12-22,22731
1,2025-12-23,23357
1,2025-12-24,23357
1,2025-12-25,23357
1,2025-12-26,22582
1,2025-12-27,11475
1,2025-12-28,9479
1,2025-12-29,20459
1,2025-12-30,19856
1,2025-12-31,5750
5,2025-11-01,0
5,2025-11-02,0
5,2025-11-03,0
5,2025-11-04,0
5,2025-11-05,0
5,2025-11-06,0
5,2025-11-07,0
5,2025-11-08,0
5,2025-11-09,0
5,2025-11-10,0
5,2025-11-11,0
5,2025-11-12,0
5,2025-11-13,0
5,2025-11-14,0
5,2025-11-15,0
5,2025-11-16,0
5,2025-11-17,0
5,2025-11-18,0
5,2025-11-19,0
5,2025-11-20,0
5,2025-11-21,0
5,2025-11-22,0
5,2025-11-23,0
5,2025-11-24,0
5,2025-11-25,0
5,2025-11-26,0
5,2025-11-27,0
5,2025-11-28,0
5,2025-11-29,0
5,2025-11-30,0
5,2025-12-01,0
5,2025-12-02,0
5,2025-12-03,0
5,2025-12-04,0
5,2025-12-05,0
5,2025-12-06,0
5,2025-12-07,0
5,2025-12-08,0
5,2025-12-09,0
5,2025-12-10,0
5,2025-12-11,0
5,2025-12-12,0
5,2025-12-13,0
5,2025-12-14,0
5,2025-12-15,0
5,2025-12-16,3593
5,2025-12-17,5987
5,2025-12-18,5987
5,2025-12-19,5997
5,2025-12-20,3599
5,2025-12-21,3071
5,2025-12-22,5987
5,2025-12-23,5987
5,2025-12-24,5987
5,2025-12-25,5987
5,2025-12-26,5997
5,2025-12-27,3599
5,2025-12-28,3071
5,2025-12-29,5391
5,2025-12-30,5091
5,2025-12-31,1733
7,2025-11-01,24102
7,2025-11-02,8343
7,2025-11-03,7925
7,2025-11-04,7925
7,2025-11-05,28239
7,2025-11-06,28239
7,2025-11-07,27325
7,2025-11-08,10693
7,2025-11-09,8343
7,2025-11-10,27481
7,2025-11-11,28239
7,2025-11-12,26543
7,2025-11-13,26543
7,2025-11-14,25685
7,2025-11-15,17116
7,2025-11-16,14133
7,2025-11-17,25835
7,2025-11-18,26543
7,2025-11-19,26543
7,2025-11-20,26543
7,2025-11-21,25685
7,2025-11-22,17116
7,2025-11-23,14133
7,2025-11-24,25835
7,2025-11-25,26543
7,2025-11-26,26543
7,2025-11-27,26543
7,2025-11-28,25685
7,2025-11-29,17116
7,2025-11-30,14133
7,2025-12-01,25828
7,2025-12-02,26540
7,2025-12-03,26540
7,2025-12-04,26540
7,2025-12-05,25681
7,2025-12-06,17116
7,2025-12-07,14133
7,2025-12-08,25828
7,2025-12-09,26540
7,2025-12-10,26540
7,2025-12-11,26540
7,2025-12-12,25681
7,2025-12-13,17116
7,2025-12-14,14133
7,2025-12-15,25828
7,2025-12-16,26540
7,2025-12-17,26540
7,2025-12-18,26540
7,2025-12-19,25681
7,2025-12-20,17116
7,2025-12-21,14133
7,2025-12-22,25828
7,2025-12-23,26540
7,2025-12-24,26540
7,2025-12-25,26540
7,2025-12-26,25681
7,2025-12-27,17116
7,2025-12-28,14133
7,2025-12-29,23249
7,2025-12-30,22561
7,2025-12-31,8236
11,2025-11-01,30805
11,2025-11-02,20266
11,2025-11-03,19250
11,2025-11-04,19250
11,2025-11-05,36175
11,2025-11-06,36175
11,2025-11-07,34977
11,2025-11-08,24057
11,2025-11-09,20266
11,2025-11-10,35203
11,2025-11-11,36175
11,2025-11-12,36175
11,2025-11-13,36175
11,2025-11-14,34977
11,2025-11-15,24057
11,2025-11-16,20266
11,2025-11-17,35203
11,2025-11-18,36175
11,2025-11-19,36175
11,2025-11-20,36175
11,2025-11-21,34977
11,2025-11-22,24057
11,2025-11-23,20266
11,2025-11-24,35203
11,2025-11-25,36175
11,2025-11-26,36175
11,2025-11-27,36175
11,2025-11-28,34977
11,2025-11-29,24057
11,2025-11-30,20266
11,2025-12-01,35203
11,2025-12-02,36173
11,2025-12-03,36173
11,2025-12-04,36173
11,2025-12-05,34975
11,2025-12-06,23832
11,2025-12-07,20031
11,2025-12-08,35203
11,2025-12-09,36173
11,2025-12-10,36173
11,2025-12-11,36173
11,2025-12-12,34975
11,2025-12-13,23832
11,2025-12-14,20031
11,2025-12-15,35203
11,2025-12-16,36173
11,2025-12-17,36173
11,2025-12-18,36173
11,2025-12-19,34975
11,2025-12-20,23832
11,2025-12-21,20031
11,2025-12-22,35203
11,2025-12-23,36173
11,2025-12-24,36173
11,2025-12-25,36173
11,2025-12-26,34975
11,2025-12-27,23832
11,2025-12-28,20031
11,2025-12-29,31683
11,2025-12-30,30743
11,2025-12-31,11630
12,2025-11-01,32045
12,2025-11-02,18724
12,2025-11-03,17785
12,2025-11-04,17785
12,2025-11-05,37688
12,2025-11-06,37688
12,2025-11-07,36445
12,2025-11-08,21631
12,2025-11-09,18724
12,2025-11-10,36677
12,2025-11-11,37688
12,2025-11-12,37688
12,2025-11-13,37688
12,2025-11-14,36445
12,2025-11-15,21631
12,2025-11-16,18724
12,2025-11-17,36677
12,2025-11-18,37688
12,2025-11-19,37688
12,2025-11-20,37688
12,2025-11-21,36445
12,2025-11-22,21631
12,2025-11-23,18724
12,2025-11-24,36677
12,2025-11-25,37688
12,2025-11-26,37688
12,2025-11-27,37688
12,2025-11-28,36445
12,2025-11-29,21631
12,2025-11-30,18724
12,2025-12-01,36677
12,2025-12-02,37688
12,2025-12-03,37688
12,2025-12-04,37688
12,2025-12-05,36450
12,2025-12-06,21542
12,2025-12-07,18534
12,2025-12-08,36677
12,2025-12-09,37688
12,2025-12-10,37688
12,2025-12-11,37688
12,2025-12-12,36450
12,2025-12-13,21542
12,2025-12-14,18534
12,2025-12-15,36677
12,2025-12-16,37688
12,2025-12-17,37688
12,2025-12-18,37688
12,2025-12-19,36450
12,2025-12-20,21542
12,2025-12-21,18534
12,2025-12-22,36677
12,2025-12-23,37688
12,2025-12-24,37688
12,2025-12-25,37688
12,2025-12-26,36450
12,2025-12-27,21542
12,2025-12-28,18534
12,2025-12-29,33010
12,2025-12-30,32037
12,2025-12-31,10547
17,2025-11-01,47811
17,2025-11-02,36646
17,2025-11-03,34806
17,2025-11-04,34806
17,2025-11-05,56156
17,2025-11-06,56156
17,2025-11-07,54294
17,2025-11-08,42046
17,2025-11-09,36646
17,2025-11-10,54649
17,2025-11-11,56156
17,2025-11-12,56156
17,2025-11-13,56156
17,2025-11-14,54294
17,2025-11-15,42046
17,2025-11-16,36646
17,2025-11-17,54649
17,2025-11-18,56156
17,2025-11-19,56156
17,2025-11-20,56156
17,2025-11-21,54294
17,2025-11-22,42046
17,2025-11-23,36646
17,2025-11-24,54649
17,2025-11-25,56156
17,2025-11-26,56156
17,2025-11-27,56156
17,2025-11-28,54294
17,2025-11-29,42046
17,2025-11-30,36646
17,2025-12-01,54650
17,2025-12-02,56158
17,2025-12-03,56158
17,2025-12-04,56158
17,2025-12-05,54296
17,2025-12-06,41953
17,2025-12-07,36488
17,2025-12-08,54650
17,2025-12-09,56158
17,2025-12-10,56158
17,2025-12-11,56158
17,2025-12-12,54296
17,2025-12-13,41953
17,2025-12-14,36488
17,2025-12-15,54650
17,2025-12-16,56158
17,2025-12-17,56158
17,2025-12-18,56158
17,2025-12-19,54296
17,2025-12-20,41953
17,2025-12-21,36488
17,2025-12-22,54650
17,2025-12-23,56158
17,2025-12-24,56158
17,2025-12-25,56158
17,2025-12-26,54296
17,2025-12-27,41953
17,2025-12-28,36488
17,2025-12-29,49182
17,2025-12-30,47732
17,2025-12-31,20460
25,2025-11-01,7361
25,2025-11-02,5469
25,2025-11-03,5197
25,2025-11-04,5197
25,2025-11-05,8654
25,2025-11-06,8654
25,2025-11-07,8369
25,2025-11-08,6229
25,2025-11-09,5469
25,2025-11-10,8419
25,2025-11-11,8654
25,2025-11-12,8654
25,2025-11-13,8654
25,2025-11-14,8369
25,2025-11-15,6229
25,2025-11-16,5469
25,2025-11-17,8419
25,2025-11-18,8654
25,2025-11-19,8654
25,2025-11-20,8654
25,2025-11-21,8369
25,2025-11-22,6229
25,2025-11-23,5469
25,2025-11-24,8419
25,2025-11-25,8654
25,2025-11-26,8654
25,2025-11-27,8654
25,2025-11-28,8369
25,2025-11-29,6229
25,2025-11-30,5469
25,2025-12-01,8420
25,2025-12-02,8654
25,2025-12-03,8654
25,2025-12-04,8654
25,2025-12-05,8368
25,2025-12-06,6123
25,2025-12-07,5413
25,2025-12-08,8420
25,2025-12-09,8654
25,2025-12-10,8654
25,2025-12-11,8654
25,2025-12-12,8368
25,2025-12-13,6123
25,2025-12-14,5413
25,2025-12-15,8420
25,2025-12-16,8654
25,2025-12-17,8654
25,2025-12-18,8654
25,2025-12-19,8368
25,2025-12-20,6123
25,2025-12-21,5413
25,2025-12-22,8420
25,2025-12-23,8654
25,2025-12-24,8654
25,2025-12-25,8654
25,2025-12-26,8368
25,2025-12-27,6123
25,2025-12-28,5413
25,2025-12-29,7579
25,2025-12-30,7353
25,2025-12-31,3002
26,2025-11-01,18362
26,2025-11-02,10902
26,2025-11-03,10354
26,2025-11-04,10354
26,2025-11-05,21567
26,2025-11-06,21567
26,2025-11-07,20860
26,2025-11-08,13367
26,2025-11-09,10902
26,2025-11-10,20990
26,2025-11-11,21567
26,2025-11-12,21567
26,2025-11-13,21567
26,2025-11-14,20860
26,2025-11-15,13367
26,2025-11-16,10902
26,2025-11-17,20990
26,2025-11-18,21567
26,2025-11-19,21567
26,2025-11-20,21567
26,2025-11-21,20860
26,2025-11-22,13367
26,2025-11-23,10902
26,2025-11-24,20990
26,2025-11-25,21567
26,2025-11-26,21567
26,2025-11-27,21567
26,2025-11-28,20860
26,2025-11-29,13367
26,2025-11-30,10902
26,2025-12-01,20989
26,2025-12-02,21566
26,2025-12-03,21566
26,2025-12-04,21566
26,2025-12-05,20860
26,2025-12-06,13414
26,2025-12-07,10996
26,2025-12-08,20989
26,2025-12-09,21566
26,2025-12-10,21566
26,2025-12-11,21566
26,2025-12-12,20860
26,2025-12-13,13414
26,2025-12-14,10996
26,2025-12-15,20989
26,2025-12-16,21566
26,2025-12-17,21566
26,2025-12-18,21566
26,2025-12-19,20860
26,2025-12-20,13414
26,2025-12-21,10996
26,2025-12-22,20989
26,2025-12-23,21566
26,2025-12-24,21566
26,2025-12-25,21566
26,2025-12-26,20860
26,2025-12-27,13414
26,2025-12-28,10996
26,2025-12-29,18890
26,2025-12-30,18332
26,2025-12-31,6605
28,2025-11-01,10836
28,2025-11-02,6373
28,2025-11-03,6055
28,2025-11-04,6055
28,2025-11-05,12736
28,2025-11-06,12736
28,2025-11-07,12317
28,2025-11-08,7616
28,2025-11-09,6373
28,2025-11-10,12394
28,2025-11-11,12736
28,2025-11-12,12736
28,2025-11-13,12736
28,2025-11-14,12317
28,2025-11-15,7616
28,2025-11-16,6373
28,2025-11-17,12394
28,2025-11-18,12736
28,2025-11-19,12736
28,2025-11-20,12736
28,2025-11-21,12317
28,2025-11-22,7616
28,2025-11-23,6373
28,2025-11-24,12394
28,2025-11-25,12736
28,2025-11-26,12736
28,2025-11-27,12736
28,2025-11-28,12317
28,2025-11-29,7616
28,2025-11-30,6373
28,2025-12-01,12393
28,2025-12-02,12736
28,2025-12-03,12736
28,2025-12-04,12736
28,2025-12-05,12317
28,2025-12-06,7621
28,2025-12-07,6350
28,2025-12-08,12393
28,2025-12-09,12736
28,2025-12-10,12736
28,2025-12-11,12736
28,2025-12-12,12317
28,2025-12-13,7621
28,2025-12-14,6350
28,2025-12-15,12393
28,2025-12-16,12736
28,2025-12-17,12736
28,2025-12-18,12736
28,2025-12-19,12317
28,2025-12-20,7621
28,2025-12-21,6350
28,2025-12-22,12393
28,2025-12-23,12736
28,2025-12-24,12736
28,2025-12-25,12736
28,2025-12-26,12317
28,2025-12-27,7621
28,2025-12-28,6350
28,2025-12-29,11154
28,2025-12-30,10823
28,2025-12-31,3769
50,2025-11-01,23839
50,2025-11-02,165
50,2025-11-03,157
50,2025-11-04,157
50,2025-11-05,27977
50,2025-11-06,27977
50,2025-11-07,27073
50,2025-11-08,272
50,2025-11-09,165
50,2025-11-10,27227
50,2025-11-11,27977
50,2025-11-12,27977
50,2025-11-13,27977
50,2025-11-14,27073
50,2025-11-15,11317
50,2025-11-16,9411
50,2025-11-17,27227
50,2025-11-18,27977
50,2025-11-19,27977
50,2025-11-20,27977
50,2025-11-21,27073
50,2025-11-22,11317
50,2025-11-23,9411
50,2025-11-24,27227
50,2025-11-25,27977
50,2025-11-26,27977
50,2025-11-27,27977
50,2025-11-28,27073
50,2025-11-29,11317
50,2025-11-30,9411
50,2025-12-01,27227
50,2025-12-02,27977
50,2025-12-03,27977
50,2025-12-04,27977
50,2025-12-05,27073
50,2025-12-06,11317
50,2025-12-07,9411
50,2025-12-08,27227
50,2025-12-09,27977
50,2025-12-10,27977
50,2025-12-11,27977
50,2025-12-12,27073
50,2025-12-13,11317
50,2025-12-14,9411
50,2025-12-15,27227
50,2025-12-16,27977
50,2025-12-17,27977
50,2025-12-18,27977
50,2025-12-19,27073
50,2025-12-20,11317
50,2025-12-21,9411
50,2025-12-22,27227
50,2025-12-23,27977
50,2025-12-24,27977
50,2025-12-25,27977
50,2025-12-26,27073
50,2025-12-27,11317
50,2025-12-28,9411
50,2025-12-29,24502
50,2025-12-30,23780
50,2025-12-31,5508
all,2025-11-01,215024
all,2025-11-02,116293
all,2025-11-03,110462
all,2025-11-04,110462
all,2025-11-05,252550
all,2025-11-06,252550
all,2025-11-07,244243
all,2025-11-08,137397
all,2025-11-09,116293
all,2025-11-10,245771
all,2025-11-11,252550
all,2025-11-12,250854
all,2025-11-13,250854
all,2025-11-14,242603
all,2025-11-15,154865
all,2025-11-16,131329
all,2025-11-17,244125
all,2025-11-18,250854
all,2025-11-19,250854
all,2025-11-20,250854
all,2025-11-21,242603
all,2025-11-22,154865
all,2025-11-23,131329
all,2025-11-24,244125
all,2025-11-25,250854
all,2025-11-26,250854
all,2025-11-27,250854
all,2025-11-28,242603
all,2025-11-29,154865
all,2025-11-30,131329
all,2025-12-01,244118
all,2025-12-02,250849
all,2025-12-03,250849
all,2025-12-04,250849
all,2025-12-05,242602
all,2025-12-06,154393
all,2025-12-07,130835
all,2025-12-08,244118
all,2025-12-09,250849
all,2025-12-10,250849
all,2025-12-11,250849
all,2025-12-12,242602
all,2025-12-13,154393
all,2025-12-14,130835
all,2025-12-15,244118
all,2025-12-16,254442
all,2025-12-17,256836
all,2025-12-18,256836
all,2025-12-19,248599
all,2025-12-20,157992
all,2025-12-21,133906
all,2025-12-22,250105
all,2025-12-23,256836
all,2025-12-24,256836
all,2025-12-25,256836
all,2025-12-26,248599
all,2025-12-27,157992
all,2025-12-28,133906
all,2025-12-29,225099
all,2025-12-30,218308
all,2025-12-31,77240
