route,month,pred,lo,hi
1,2025-11,546161,469152,623170
1,2025-12,591417,508027,674807
5,2025-11,0,0,0
5,2025-12,77064,66198,87930
7,2025-11,641670,551195,732145
7,2025-12,703558,604356,802760
11,2025-11,910305,781952,1038658
11,2025-12,964296,828330,1100262
12,2025-11,918138,788681,1047595
12,2025-12,980662,842389,1118935
17,2025-11,1467676,1260734,1674618
17,2025-12,1540818,1323563,1758073
25,2025-11,223943,192367,255519
25,2025-12,235078,201932,268224
26,2025-11,530695,455867,605523
26,2025-12,567655,487616,647694
28,2025-11,311821,267854,355788
28,2025-12,333302,286306,380298
50,2025-11,584659,502222,667096
50,2025-12,689626,592389,786863
all,2025-11,6135068,5444259,6825877
all,2025-12,6683476,5930917,7436035
