date,precip_mm
2025-01-01,3.9
2025-01-02,2.0
2025-01-03,3.5
2025-01-04,0.8
2025-01-05,0.5
2025-01-06,0.0
2025-01-07,6.1
2025-01-08,1.0
2025-01-09,0.0
2025-01-10,2.4
2025-01-11,5.0
2025-01-12,0.0
2025-01-13,0.8
2025-01-14,2.0
2025-01-15,0.30000000000000004
2025-01-16,3.8
2025-01-17,0.0
2025-01-18,1.8
2025-01-19,0.0
2025-01-20,0.0
2025-01-21,0.0
2025-01-22,0.9
2025-01-23,0.0
2025-01-24,0.0
2025-01-25,0.0
2025-01-26,0.8999999999999999
2025-01-27,2.4
2025-01-28,0.1
2025-01-29,0.1
2025-01-30,0.1
2025-01-31,0.0
2025-02-01,1.4000000000000001
2025-02-02,0.4
2025-02-03,0.1
2025-02-04,0.0
2025-02-05,0.0
2025-02-06,0.0
2025-02-07,0.0
2025-02-08,0.0
2025-02-09,0.0
2025-02-10,0.0
2025-02-11,0.0
2025-02-12,0.0
2025-02-13,0.0
2025-02-14,0.2
2025-02-15,0.2
2025-02-16,0.5
2025-02-17,0.0
2025-02-18,0.30000000000000004
2025-02-19,0.1
2025-02-20,0.0
2025-02-21,0.0
2025-02-22,0.0
2025-02-23,0.0
2025-02-24,0.0
2025-02-25,0.0
2025-02-26,0.0
2025-02-27,0.0
2025-02-28,0.0
2025-03-01,0.0
2025-03-02,0.4
2025-03-03,1.2
2025-03-04,5.7
2025-03-05,3.2
2025-03-06,2.3000000000000003
2025-03-07,0.0
2025-03-08,0.0
2025-03-09,0.0
2025-03-10,0.0
2025-03-11,0.2
2025-03-12,4.6
2025-03-13,0.2
2025-03-14,7.0
2025-03-15,0.0
2025-03-16,0.0
2025-03-17,1.7999999999999998
2025-03-18,0.0
2025-03-19,0.8999999999999999
2025-03-20,0.0
2025-03-21,0.0
2025-03-22,0.0
2025-03-23,0.0
2025-03-24,0.0
2025-03-25,5.2
2025-03-26,0.2
2025-03-27,1.8
2025-03-28,0.1
2025-03-29,0.0
2025-03-30,0.0
2025-03-31,0.0
2025-04-01,6.8
2025-04-02,3.6
2025-04-03,0.0
2025-04-04,0.0
2025-04-05,0.1
2025-04-06,11.6
2025-04-07,13.4
2025-04-08,7.3
2025-04-09,3.6
2025-04-10,1.0
2025-04-11,0.0
2025-04-12,1.2000000000000002
2025-04-13,2.4
2025-04-14,0.0
2025-04-15,0.0
2025-04-16,0.0
2025-04-17,0.0
2025-04-18,0.4
2025-04-19,1.2
2025-04-20,0.0
2025-04-21,0.0
2025-04-22,0.1
2025-04-23,0.30000000000000004
2025-04-24,0.0
2025-04-25,3.3000000000000003
2025-04-26,0.0
2025-04-27,0.30000000000000004
2025-04-28,0.0
2025-04-29,3.0
2025-04-30,1.8
2025-05-01,21.099999999999998
2025-05-02,9.3
2025-05-03,0.4
2025-05-04,7.7
2025-05-05,3.5
2025-05-06,0.4
2025-05-07,0.1
2025-05-08,0.2
2025-05-09,0.0
2025-05-10,1.7999999999999998
2025-05-11,1.2
2025-05-12,4.0
2025-05-13,7.1
2025-05-14,0.9
2025-05-15,0.1
2025-05-16,0.0
2025-05-17,0.0
2025-05-18,1.4
2025-05-19,1.9000000000000001
2025-05-20,6.3
2025-05-21,0.7999999999999999
2025-05-22,0.0
2025-05-23,0.0
2025-05-24,0.0
2025-05-25,0.0
2025-05-26,0.0
2025-05-27,0.0
2025-05-28,0.0
2025-05-29,0.1
2025-05-30,0.5
2025-05-31,3.5
2025-06-01,0.1
2025-06-02,0.0
2025-06-03,0.1
2025-06-04,0.4
2025-06-05,0.0
2025-06-06,2.7
2025-06-07,3.3000000000000003
2025-06-08,1.9000000000000001
2025-06-09,1.7
2025-06-10,0.0
2025-06-11,0.0
2025-06-12,3.7
2025-06-13,10.4
2025-06-14,10.000000000000002
2025-06-15,5.7
2025-06-16,0.0
2025-06-17,5.2
2025-06-18,4.1000000000000005
2025-06-19,4.7
2025-06-20,7.8
2025-06-21,0.1
2025-06-22,2.6
2025-06-23,0.0
2025-06-24,1.9
2025-06-25,1.8
2025-06-26,1.1
2025-06-27,0.0
2025-06-28,0.0
2025-06-29,7.7
2025-06-30,8.3
2025-07-01,7.6
2025-07-02,1.5
2025-07-03,0.0
2025-07-04,1.5
2025-07-05,0.0
2025-07-06,0.1
2025-07-07,0.1
2025-07-08,1.6
2025-07-09,1.5
2025-07-10,0.0
2025-07-11,0.0
2025-07-12,0.6000000000000001
2025-07-13,3.1
2025-07-14,1.8
2025-07-15,8.999999999999998
2025-07-16,7.4
2025-07-17,5.6000000000000005
2025-07-18,0.0
2025-07-19,1.4
2025-07-20,0.6000000000000001
2025-07-21,31.2
2025-07-22,3.2
2025-07-23,1.4
2025-07-24,3.0
2025-07-25,0.0
2025-07-26,0.0
2025-07-27,0.0
2025-07-28,0.0
2025-07-29,0.2
2025-07-30,0.1
2025-07-31,0.1
2025-08-01,18.299999999999997
2025-08-02,1.1
2025-08-03,0.2
2025-08-04,21.7
2025-08-05,7.4
2025-08-06,0.0
2025-08-07,5.2
2025-08-08,0.1
2025-08-09,10.3
2025-08-10,0.1
2025-08-11,1.9000000000000001
2025-08-12,5.0
2025-08-13,1.0
2025-08-14,0.5
2025-08-15,0.0
2025-08-16,0.0
2025-08-17,1.4000000000000001
2025-08-18,4.2
2025-08-19,0.5
2025-08-20,6.8
2025-08-21,9.0
2025-08-22,0.0
2025-08-23,0.0
2025-08-24,0.0
2025-08-25,1.5
2025-08-26,2.2
2025-08-27,1.0
2025-08-28,0.1
2025-08-29,0.9
2025-08-30,0.0
2025-08-31,0.0
2025-09-01,0.0
2025-09-02,0.0
2025-09-03,0.0
2025-09-04,0.1
2025-09-05,0.0
2025-09-06,0.0
2025-09-07,0.0
2025-09-08,0.0
2025-09-09,0.0
2025-09-10,0.0
2025-09-11,0.0
2025-09-12,0.0
2025-09-13,0.0
2025-09-14,0.0
2025-09-15,0.0
2025-09-16,0.0
2025-09-17,0.0
2025-09-18,0.4
2025-09-19,4.9
2025-09-20,0.39999999999999997
2025-09-21,0.0
2025-09-22,0.0
2025-09-23,1.2000000000000002
2025-09-24,0.1
2025-09-25,0.4
2025-09-26,0.0
2025-09-27,3.6
2025-09-28,1.2
2025-09-29,0.0
2025-09-30,0.0
2025-10-01,0.0
2025-10-02,0.0
2025-10-03,1.2999999999999998
2025-10-04,0.0
2025-10-05,1.0
2025-10-06,3.3000000000000003
2025-10-07,0.6
2025-10-08,0.0
2025-10-09,0.7
2025-10-10,1.5
2025-10-11,0.7000000000000001
2025-10-12,1.0
2025-10-13,20.6
2025-10-14,5.1000000000000005
2025-10-15,6.6
2025-10-16,0.5
2025-10-17,2.7
2025-10-18,0.2
2025-10-19,0.30000000000000004
2025-10-20,0.4
2025-10-21,2.4
2025-10-22,0.0
2025-10-23,0.1
2025-10-24,1.9000000000000001
2025-10-25,0.3
2025-10-26,4.7
2025-10-27,2.8
2025-10-28,6.9
2025-10-29,2.6
2025-10-30,0.0
2025-10-31,9.9
2025-11-01,0.0
2025-11-02,0.1
2025-11-03,1.8
2025-11-04,3.0
2025-11-05,0.0
2025-11-06,1.6
2025-11-07,1.6
2025-11-08,0.2
2025-11-09,0.0
2025-11-10,0.0
2025-11-11,0.0
2025-11-12,1.0
2025-11-13,0.1
2025-11-14,0.5
2025-11-15,12.8
2025-11-16,0.0
2025-11-17,2.9
2025-11-18,10.1
2025-11-19,0.0
2025-11-20,0.0
2025-11-21,0.6000000000000001
2025-11-22,4.6000000000000005
2025-11-23,0.1
2025-11-24,10.5
2025-11-25,0.0
2025-11-26,7.2
2025-11-27,6.3
2025-11-28,3.6999999999999997
2025-11-29,0.0
2025-11-30,0.2
2025-12-01,0.0
2025-12-02,0.0
2025-12-03,0.0
2025-12-04,0.0
2025-12-05,0.0
2025-12-06,0.0
2025-12-07,0.0
2025-12-08,0.0
2025-12-09,0.4
2025-12-10,2.2
2025-12-11,4.2
2025-12-12,3.6
2025-12-13,0.8
2025-12-14,0.6000000000000001
2025-12-15,0.1
2025-12-16,1.4
2025-12-17,0.1
2025-12-18,0.0
2025-12-19,0.2
2025-12-20,0.0
2025-12-21,0.5
2025-12-22,1.7
2025-12-23,0.0
2025-12-24,0.7000000000000001
2025-12-25,3.6
2025-12-26,9.4
2025-12-27,0.8
2025-12-28,2.7
2025-12-29,2.1
2025-12-30,4.6000000000000005
2025-12-31,2.8000000000000003
